省级,地级,city_level,new_hosp_beds,expanded_beds,decreased_beds,closed_beds,city_pop,net_SEE_beds,net_CIE_beds,net_total_beds,SEE_city,CIE_city,Dominance_city,acc_median,acc_gini,acc_theil,acc_atkinson_05,acc_zero_access_pop_pct,acc_p90_p10,acc_p80_p20,acc_delta,gini_delta,theil_delta,atkinson_05_delta,zero_access_pop_pct_delta,p90_p10_delta,p80_p20_delta
上海市,上海市,Mega City,0.0,199.0,0.0,0.0,23756696.5,0.0,199.0,199.0,0.0,0.08376585524001622,-0.08376585524001622,18.49212119692848,0.1086486577074891,0.038548864514511,0.0284945959901425,1.3046495075423166,1.639824417602291,1.3029631995569282,-0.13269342595975075,-0.004641355749896492,-0.0033351725448967987,-0.0026250306990223994,-0.13578521100604735,-0.03336848571806539,-0.013619728338848613
云南省,保山市,Small City,400.0,0.0,0.0,0.0,2586980.0,400.0,0.0,400.0,1.5462044546150338,0.0,1.5462044546150338,0.0,0.6568926480124371,0.9209114930131398,0.5828945221455668,54.671331659880806,,,0.0,0.004287231035079109,0.016047065022426032,0.006638960063044874,0.47331793354896945,,
云南省,大理白族自治州,Small City,800.0,0.0,0.0,0.0,3567319.5,800.0,0.0,800.0,2.242580178198224,0.0,2.242580178198224,5.96886004046224,0.5925475623162526,0.6932043895807576,0.4624427278128393,39.34588643453688,,,1.2835285248826374,-0.005908005523610926,-0.013431655847302104,-0.007767745918852209,-1.431180985134965,,
云南省,文山壮族苗族自治州,Small City,0.0,0.0,0.0,0.0,3625222.0,0.0,0.0,0.0,0.0,0.0,0.0,0.0,0.8311177051829395,1.5573198881836272,0.7686715015650594,73.05162039445757,,,0.0,-0.024396355326980368,-0.16852417920124618,-0.03802848619071697,-4.7056692365622865,,
云南省,昆明市,Super City,0.0,0.0,0.0,0.0,6644964.0,0.0,0.0,0.0,0.0,0.0,0.0,36.80282708965784,0.2932851858233239,0.2529574667360343,0.2026195267434017,15.42198024102857,,7.239553350638181,0.33250342333604266,-0.0041058047501632,-0.007221915859112471,-0.005623973800778198,-0.7475834122111689,,-1.4134759317751104
云南省,昭通市,Small City,0.0,0.0,0.0,0.0,5349244.0,0.0,0.0,0.0,0.0,0.0,0.0,0.0,0.8248062782266623,1.5839229810211493,0.7834929510416662,75.91054129844434,,,0.0,0.012836814082573866,0.04975890465921773,0.006785394932024347,-0.28972630552429735,,
云南省,普洱市,Small City,0.0,0.0,0.0,0.0,2620927.5,0.0,0.0,0.0,0.0,0.0,0.0,0.0,0.8575078681850326,1.82430619293936,0.8337768450305982,82.5163579841249,,,0.0,-0.0008270317311869224,0.0006874342173170955,0.0007641541023750698,0.21302476542707893,,
云南省,曲靖市,Medium-sized City,0.0,0.0,0.0,0.0,6027374.5,0.0,0.0,0.0,0.0,0.0,0.0,0.0,0.7109465395369204,1.044099497918975,0.6245429135224503,58.49329136407745,,,0.0,-0.005107010398168854,-0.009757432784243791,-0.000934062756176246,0.3655586762043299,,
云南省,楚雄彝族自治州,Small City,680.0,0.0,0.0,0.0,2770359.0,680.0,0.0,680.0,2.454555528723895,0.0,2.454555528723895,0.0,0.7017919514334101,1.028101198388469,0.6141977521537065,54.11252742339926,,,0.0,-0.005100132914809707,-0.01672566792464858,-0.008520398753984693,-1.431812952368297,,
云南省,玉溪市,Medium-sized City,772.0,0.0,0.0,0.0,2395797.0,772.0,0.0,772.0,3.222309736592875,0.0,3.222309736592875,7.867782102106895,0.5512916146391402,0.5977548863169322,0.414939399867808,35.985285470334986,,,2.4447392578336116,-0.028653186388103657,-0.04275942512541209,-0.01269335006131933,0.3604797899013832,,
云南省,红河哈尼族彝族自治州,Small City,0.0,0.0,0.0,0.0,4625429.5,0.0,0.0,0.0,0.0,0.0,0.0,0.0,0.7465060577898485,1.159607471708725,0.6632677676150536,62.57216968748885,,,0.0,-0.026906726251517465,-0.08875939344587058,-0.020854090736394215,-1.242796617946233,,
云南省,西双版纳傣族自治州,Small City,0.0,0.0,0.0,0.0,1169222.5,0.0,0.0,0.0,0.0,0.0,0.0,0.0,0.704639582554241,1.004029437972655,0.5949607140442931,52.5093939094021,,,0.0,-0.01148592767106138,-0.0386276714271192,-0.015032833780396104,-1.4583824023376124,,
内蒙古自治区,乌兰察布市,Small City,0.0,0.0,0.0,0.0,2205110.5,0.0,0.0,0.0,0.0,0.0,0.0,0.0,0.686794289539004,0.966048023968687,0.5801595331418329,50.49579643461536,,,0.0,0.013639362761322715,0.0267178327875357,0.003589503429015095,-0.7803670501152524,,
内蒙古自治区,兴安盟,Small City,0.0,0.0,0.0,0.0,1663779.5,0.0,0.0,0.0,0.0,0.0,0.0,0.0,0.7446878697462354,1.222681556698017,0.6871771071918185,64.47900927396063,,,0.0,0.0011773242461396993,-0.006168609114912682,-0.0053622001855601065,-1.5803203647207198,,
内蒙古自治区,包头市,Type II Large City,1150.0,0.0,0.0,0.0,2738109.0,1150.0,0.0,1150.0,4.199978890540881,0.0,4.199978890540881,28.663804861393565,0.2349513674347614,0.2037105150460036,0.1702632059677938,13.903780349298502,,2.5819785720831603,4.9315641038198805,0.011684607522022078,-0.0006380401137885128,-0.0024773186020216054,-0.6668471194480894,,-0.2989900490550581
内蒙古自治区,呼伦贝尔市,Small City,1850.0,0.0,0.0,0.0,2825989.5,1850.0,0.0,1850.0,6.54637959553636,0.0,6.54637959553636,0.0,0.6794720222241701,0.9496769380890794,0.5896591767924506,54.66494437633127,,,0.0,-0.17094542053001383,-0.8193158936927695,-0.22769573581564972,-24.340555800790675,,
内蒙古自治区,呼和浩特市,Type II Large City,1100.0,1269.0,0.0,0.0,2959359.0,1100.0,1269.0,2369.0,3.7170211522157333,4.288090765601605,-0.5710696133858715,49.212580938187855,0.2640933447570007,0.2075717702645887,0.1665480291268157,12.132850906304467,,2.8584864596768496,10.126064498042481,0.011824761439937714,0.004556906809870198,0.0017889272377872023,-0.29985237194559744,,0.07745134165589862
内蒙古自治区,巴彦淖尔市,Small City,500.0,0.0,0.0,0.0,1722290.5,500.0,0.0,500.0,2.9031107121591853,0.0,2.9031107121591853,6.245819863151102,0.6017408511417128,0.7172001646355533,0.4735516534337941,39.78353746692016,,,4.55697436714337,-0.054419352012543554,-0.13918610861614578,-0.06492158447331592,-7.643203482747985,,
内蒙古自治区,赤峰市,Type II Large City,0.0,0.0,0.0,0.0,4487211.0,0.0,0.0,0.0,0.0,0.0,0.0,0.0,0.7003184287961175,1.013860986905018,0.6118427467455323,56.58049226943705,,,0.0,-0.030166614345503717,-0.10127358979575751,-0.034195913631074326,-2.9105832642411897,,
内蒙古自治区,通辽市,Small City,630.0,0.0,0.0,0.0,3247317.0,630.0,0.0,630.0,1.9400631351974569,0.0,1.9400631351974569,0.0,0.7196982740239715,1.0970256118701358,0.6442182472338922,60.112292911736574,,,0.0,0.005153650777858343,0.029584130641421735,0.017169072252913198,3.442912643589956,,
内蒙古自治区,鄂尔多斯市,Medium-sized City,0.0,0.0,0.0,0.0,2042484.5,0.0,0.0,0.0,0.0,0.0,0.0,1.198548672651803,0.6248147784340414,0.8117618270831145,0.5292356599205532,48.07994273870753,,,1.198548672651803,-0.030186523459922676,-0.10196933600528069,-0.04873724373958299,-5.6973894615670275,,
内蒙古自治区,锡林郭勒盟,Small City,0.0,0.0,0.0,0.0,1061045.0,0.0,0.0,0.0,0.0,0.0,0.0,0.0,0.8019085639767962,1.576174697154598,0.7909191990639339,78.6495074584593,,,0.0,-0.0018240645803963007,-0.01080859794899447,-0.002013935759318075,-0.16384466650188756,,
北京市,北京市,Mega City,300.0,0.0,0.0,0.0,20225509.5,300.0,0.0,300.0,0.1483275365695979,0.0,0.1483275365695979,23.690743246044445,0.1329533483288009,0.0522332495447326,0.0352727140287295,0.647335541904593,1.9555877847930527,1.4046902749118717,0.16041550223006595,-0.006303341679748303,-0.0034128663024352995,-0.0024597011173820016,-0.05785645766494607,-0.09778418639967379,-0.02786997803102853
吉林省,吉林市,Type II Large City,0.0,0.0,0.0,0.0,4564526.0,0.0,0.0,0.0,0.0,0.0,0.0,10.505686709755343,0.573642274246889,0.6602178905741599,0.440962840454659,34.17093590996652,,,2.293506713517573,-0.02262068997670119,-0.04277046887959113,-0.020736037903693882,-2.5975371175453006,,
吉林省,四平市,Small City,0.0,0.0,0.0,0.0,2351097.0,0.0,0.0,0.0,0.0,0.0,0.0,8.7227445897266,0.5031472966418926,0.5387994267181752,0.383715024227644,31.66444026811897,,,-0.09531894222349102,-0.004675918554230218,-0.009447032815151801,-0.0049840678463895505,-0.47477715578777335,,
吉林省,延边朝鲜族自治州,Small City,0.0,0.0,18.0,0.0,2339066.0,0.0,-18.0,-18.0,0.0,-0.07695379266767162,0.07695379266767162,0.0,0.6320670985605816,0.8470105141197282,0.5492791989404755,50.837528479126114,,,-0.3636169301191214,0.009168327584752611,0.022839190623511807,0.01109910680767967,1.2993982561342605,,
吉林省,松原市,Small City,0.0,0.0,0.0,0.0,2972390.0,0.0,0.0,0.0,0.0,0.0,0.0,0.0,0.6430060781044535,0.889368581669442,0.5709518394253357,53.34330209616017,,,0.0,-0.007976088042015661,-0.02540100979468718,-0.010922872681589979,-1.1131496292783538,,
吉林省,辽源市,Small City,0.0,0.0,0.0,0.0,1206094.5,0.0,0.0,0.0,0.0,0.0,0.0,5.022411092076358,0.2919347440985781,0.1626893998113597,0.1086511547369923,6.015048155419385,4.9245340214603,2.308310320270757,-0.22374657038988133,-0.05159981672278907,-0.06115310843747693,-0.04357931683258259,-3.5836759084073746,-15.151221273789815,-0.6576472454980387
吉林省,通化市,Small City,1002.0,0.0,0.0,0.0,2388331.5,1002.0,0.0,1002.0,4.195397498211618,0.0,4.195397498211618,6.637397470230146,0.4362652446867897,0.3932581586851017,0.288268850006031,22.477897035430345,,,6.637397470230146,-0.29856220962874463,-0.7352172190031411,-0.36662103322555106,-39.346942104096186,,
吉林省,长春市,Type I Large City,0.0,0.0,0.0,0.0,9053098.5,0.0,0.0,0.0,0.0,0.0,0.0,19.908296776064297,0.5003649277968806,0.5494888026875093,0.3852172642370058,28.987800854329336,,,-4.503364415150802,0.025349046769619188,0.035208461058651164,0.01717234140754703,0.8531536362035332,,
四川省,乐山市,Medium-sized City,0.0,0.0,0.0,0.0,3337313.5,0.0,0.0,0.0,0.0,0.0,0.0,5.086817074894661,0.4487058125698626,0.4019318591420994,0.2893398671823721,21.64933730542749,,,-0.24754924666905964,0.06159150574505107,0.10064488284800849,0.0680533198466734,5.231127238742992,,
四川省,内江市,Medium-sized City,0.0,0.0,0.0,0.0,3774223.5,0.0,0.0,0.0,0.0,0.0,0.0,17.570601988529813,0.2820056404393548,0.1674687997517545,0.1134032989531785,4.229017154258375,9.935383458403232,3.241287649210813,1.431492812511479,0.010018293870728556,0.016252586265343483,0.010778769037485897,0.5485640380210897,2.517915199598077,0.8386382509921351
四川省,凉山彝族自治州,Small City,0.0,0.0,0.0,0.0,4680314.0,0.0,0.0,0.0,0.0,0.0,0.0,0.0,0.7889098261719005,1.3980668781175871,0.7406527081615994,71.655054095344,,,0.0,-0.00046986490409939297,-0.010802546546851977,-0.004977364785454297,-0.9753650356751109,,
四川省,南充市,Type II Large City,0.0,0.0,0.0,0.0,6463213.5,0.0,0.0,0.0,0.0,0.0,0.0,6.801210641860962,0.5210543083974768,0.5049830060514809,0.334047189342687,21.24489737638897,,,-2.193956136703491,0.027860846910225612,0.04385547616462715,0.016176181504011733,-1.5500410725471738,,
四川省,巴中市,Small City,0.0,0.0,0.0,0.0,3360445.5,0.0,0.0,0.0,0.0,0.0,0.0,3.760706186294556,0.5582136327522461,0.6422219530171274,0.4478450659477681,40.35565308667365,,,-6.331434011459351,0.2084696431965143,0.31584690369118007,0.18910766775631105,18.555370074467888,,
四川省,广元市,Small City,0.0,0.0,0.0,0.0,2573393.0,0.0,0.0,0.0,0.0,0.0,0.0,11.463861465454102,0.6076491952102107,0.7358981112402517,0.4799004127755013,39.105707153343154,,,6.4758043762310935,-0.04144289161821346,-0.10395101339990642,-0.047744100621708585,-4.924627280752766,,
四川省,广安市,Small City,0.0,0.0,0.0,0.0,3400794.0,0.0,0.0,0.0,0.0,0.0,0.0,3.366072173354989,0.5005279583284059,0.4274477831423049,0.2452631284279164,7.10299667205928,40.02237512423956,9.148502430546523,-0.16142582556601015,-0.02303985887419946,-0.05769056777109988,-0.060467721291746795,-12.331041201216731,,-37.63835136243167
四川省,德阳市,Medium-sized City,0.0,0.0,0.0,0.0,3747365.5,0.0,0.0,0.0,0.0,0.0,0.0,10.90356839497884,0.4113196017404641,0.3187433378431395,0.2118927842540781,8.842581539179804,317.3411569254849,10.352912114821478,0.3936995880564975,-0.037578876310683906,-0.06735188374025136,-0.0462176862495528,-2.273672154037854,,-20.07572472377064
四川省,成都市,Mega City,600.0,303.0,0.0,0.0,15598332.0,600.0,303.0,903.0,0.38465651327334227,0.19425153920303787,0.1904049740703044,22.31927245596181,0.2132205021929977,0.0944851591880163,0.0604707460352749,1.52528623718906,3.21947633982119,2.108654031287866,0.6535779534865682,-0.03188233047376049,-0.03695937531888992,-0.029167825742670697,-1.593495431591106,-1.7023135832641207,-0.31865608664518197
四川省,攀枝花市,Medium-sized City,0.0,0.0,0.0,0.0,1251354.5,0.0,0.0,0.0,0.0,0.0,0.0,34.74424592379866,0.2927928231118487,0.2322713832824667,0.1792034900176665,11.81082679688352,,5.598722496893159,-0.1810107947530426,0.006766914124609558,0.00951395970354918,0.00870135944901701,0.9754638585931374,,0.9270520693823361
四川省,泸州市,Type II Large City,0.0,0.0,0.0,0.0,4333828.5,0.0,0.0,0.0,0.0,0.0,0.0,7.419375305875726,0.5239608650900569,0.5509366781196007,0.3882507534783193,32.434325800790525,,,0.3702423278809821,-0.012786055985646638,-0.020465279715807028,-0.01311905982653333,-2.3969416675385418,,
四川省,眉山市,Medium-sized City,665.0,10.0,0.0,0.0,3047391.0,665.0,10.0,675.0,2.1821945395257782,0.03281495548159064,2.1493795840441874,8.315428312788619,0.4017694103054106,0.2819139860427151,0.173261542193583,5.250282495127983,19.47741551510399,5.23774789700241,0.6150100129715952,-0.017108102136845493,-0.03917597761979269,-0.0383532368975707,-5.512426471637227,,-2.2586656951694044
四川省,绵阳市,Type II Large City,0.0,0.0,0.0,0.0,4770051.0,0.0,0.0,0.0,0.0,0.0,0.0,9.32259763641426,0.4673372834498909,0.4367444938948178,0.3131464997902281,24.19840748920438,,,-0.6523871535425698,-0.03645816624714693,-0.07634133218185996,-0.05040748276572482,-4.897261395887039,,
四川省,自贡市,Medium-sized City,0.0,0.0,0.0,0.0,2792458.5,0.0,0.0,0.0,0.0,0.0,0.0,19.254706070158218,0.2491022014378749,0.1264556118122163,0.0809123551742021,1.1557506855555375,4.5709975996104895,2.531890843911534,-1.400668794692507,0.05258581329038109,0.054946924335162795,0.0413076503364165,1.1557506855555375,1.4729232358123086,0.5859325136213063
四川省,资阳市,Small City,501.0,0.0,0.0,0.0,2698903.0,501.0,0.0,501.0,1.856309767338804,0.0,1.856309767338804,2.5144810676574707,0.5876577389784159,0.6322309680820144,0.3964334960857099,26.841615793029927,,,2.5144810676574707,-0.16078300009218627,-0.4787806358828308,-0.22178917600921655,-25.731729277000273,,
四川省,达州市,Medium-sized City,0.0,0.0,0.0,0.0,5662508.0,0.0,0.0,0.0,0.0,0.0,0.0,2.835858279478769,0.5744976207577448,0.6380845674964404,0.4214962585328674,31.69781769373634,,,-0.12743327545626615,-0.00821494221290442,-0.048005803742010245,-0.0415771279374017,-8.020988967453484,,
四川省,遂宁市,Medium-sized City,0.0,0.0,0.0,0.0,3342808.5,0.0,0.0,0.0,0.0,0.0,0.0,10.679807662963867,0.3480472398648409,0.222132077421213,0.1460205292249951,5.959590229279319,16.9708976391889,3.165993226008449,-2.25606060028076,0.03004254920969457,0.021725899840284696,0.003996021841073977,-2.236303162064176,-1.25145252635566,0.1700256765159005
四川省,阿坝藏族羌族自治州,Small City,0.0,0.0,0.0,0.0,925447.5,0.0,0.0,0.0,0.0,0.0,0.0,0.0,0.9568771261965754,2.8878474225185684,0.9345332647210544,90.12791425147174,,,0.0,0.0029485551232774077,0.061077585062732975,0.0031381326761259487,-0.010836987378624485,,
四川省,雅安市,Small City,1000.0,0.0,0.0,0.0,1556016.5,1000.0,0.0,1000.0,6.42666706940447,0.0,6.42666706940447,10.056750168007486,0.4866111626518292,0.5031623215948828,0.3571904713265916,27.22582958212166,,,4.077421890822695,-0.015773926300334307,-0.023489704321224658,-0.012792092160938906,-1.8362262698807577,,
天津市,天津市,Mega City,1245.0,0.0,0.0,0.0,13287856.5,1245.0,0.0,1245.0,0.9369456992555572,0.0,0.9369456992555572,26.56018992293148,0.229893009385892,0.1030666284734223,0.0581072496760635,0.1108331881928524,3.907989909550682,2.814104737969256,0.7712196343311213,-0.006480630454667208,-0.006023151594940199,-0.003265246176338006,0.047617595477431704,-0.22254452730744267,-0.23243393480552665
宁夏回族自治区,吴忠市,Small City,0.0,0.0,0.0,0.0,1356109.5,0.0,0.0,0.0,0.0,0.0,0.0,1.064250111579895,0.6166007573469212,0.7650033303980539,0.4882501651566515,37.59696469929274,,,-3.500651482325881,0.09885037728988033,0.2108716530863518,0.10733554838823267,9.403077135173522,,
宁夏回族自治区,银川市,Type II Large City,0.0,1414.0,190.0,0.0,2015968.0,0.0,1224.0,1224.0,0.0,6.0715249448403945,-6.0715249448403945,27.217551357585418,0.1454577644943692,0.0738671294603724,0.0576795867150253,3.15612493457738,2.1618280315620986,1.4660797588723222,5.190696939823443,-0.021508534293167597,-0.018916785572908698,-0.012571789579446303,-0.03977301439710734,-0.7826144860930322,-0.09058023458598208
安徽省,亳州市,Medium-sized City,0.0,0.0,0.0,0.0,4969375.0,0.0,0.0,0.0,0.0,0.0,0.0,1.9636613962461624,0.6112808551229945,0.7191970390966806,0.4585889891761828,34.23430308384112,,,-0.04167298939649533,0.01397410891559614,0.0019596523009600686,-0.014782801033176696,-4.766481032909098,,
安徽省,六安市,Medium-sized City,0.0,0.0,0.0,0.0,4759074.0,0.0,0.0,0.0,0.0,0.0,0.0,7.207070229745057,0.518243604583527,0.5045129753819975,0.3421343194834633,24.877284757496128,,,-0.07841864741840876,-0.0036317113202566365,-0.012371052442878505,-0.005272863140524386,1.5523000890952083,,
安徽省,合肥市,Type I Large City,2000.0,1100.0,0.0,0.0,7631676.0,2000.0,1100.0,3100.0,2.620656327653323,1.4413609802093277,1.1792953474439953,34.9325148277676,0.3028102775448372,0.2152339696781606,0.1486081023332088,4.927738059511603,23.613950967293825,4.560365760132406,3.8421160601854467,0.02178818109920727,0.01620379047881021,0.006128849039136908,-1.1270871714601842,0.5825671340120877,0.600106218125187
安徽省,安庆市,Medium-sized City,0.0,0.0,0.0,0.0,4612549.0,0.0,0.0,0.0,0.0,0.0,0.0,2.5486490726470947,0.6621417315599782,0.8408861458119572,0.5161591414230335,43.05633343046404,,,2.5486490726470947,-0.06274434398727402,-0.23588885189449305,-0.10515718351551073,-11.967924243854114,,
安徽省,宣城市,Small City,1500.0,0.0,0.0,0.0,2610268.0,1500.0,0.0,1500.0,5.746536370977999,0.0,5.746536370977999,2.838179532985232,0.6078694336445626,0.6746223944087725,0.4140715961139449,29.760299510885567,,,2.838179532985232,-0.20529951451363682,-0.8112369479787219,-0.34085091921971117,-42.185190329097914,,
安徽省,宿州市,Medium-sized City,0.0,0.0,0.0,0.0,5526525.5,0.0,0.0,0.0,0.0,0.0,0.0,1.1384273118813428,0.6514624493517273,0.8309348157996991,0.5221436031423747,43.75944019336986,,,0.5128049546507543,-0.013238060491480907,-0.040649058711815345,-0.022309410580873656,-3.7088595536801847,,
安徽省,池州市,Small City,0.0,0.0,0.0,0.0,1449566.5,0.0,0.0,0.0,0.0,0.0,0.0,13.099398422919982,0.4169222697263506,0.3338041232193063,0.2324698299725024,14.890449480443316,,10.126717813148394,1.7042867347333228,-0.031324472427692374,-0.047017335708499086,-0.030607968102106115,-2.7055620921237136,,-9.231448452587786
安徽省,淮北市,Medium-sized City,0.0,0.0,0.0,0.0,2127786.0,0.0,0.0,0.0,0.0,0.0,0.0,22.28498268127441,0.1757143057918403,0.0709332066380161,0.0415357260226784,0.226560137063247,3.1866302110922247,1.886889983905506,0.3388730017561272,-0.019072970646959397,-0.004797790666207807,-0.0011240709464315005,0.226560137063247,0.1624860383121085,-0.3927483238977785
安徽省,淮南市,Type II Large City,0.0,0.0,0.0,0.0,3507337.5,0.0,0.0,0.0,0.0,0.0,0.0,4.252437971035639,0.4726411113167151,0.3961295483854661,0.2356717961614752,10.086901335208973,,7.206428287904328,0.17363664073537421,-0.005494190149383682,-0.030507061641411204,-0.05259946078176969,-9.546153622916476,,-255.2714540924776
安徽省,滁州市,Small City,0.0,0.0,0.0,0.0,4051603.0,0.0,0.0,0.0,0.0,0.0,0.0,5.875502586364746,0.5544459211032404,0.6091196305320465,0.4144763123034193,32.88984195553111,,,1.0981016276892168,-0.024633703934555218,-0.048281118821735136,-0.024596811800864482,-2.38303671517307,,
安徽省,芜湖市,Type II Large City,0.0,0.0,0.0,0.0,3648659.5,0.0,0.0,0.0,0.0,0.0,0.0,18.358560492522525,0.375714688527065,0.2714386413712158,0.175569837329119,5.017649529982378,30.17686495858998,6.322920411984005,1.5661963720391263,-0.021385842816183054,-0.048848819987087566,-0.03564998599209082,-2.751456285549996,-68.29496291335951,-5.010533158532167
安徽省,蚌埠市,Medium-sized City,0.0,539.0,0.0,0.0,3272172.5,0.0,539.0,539.0,0.0,1.64722367173491,-1.64722367173491,12.277886554598808,0.3826148052073596,0.302996699974867,0.211395647558632,11.922429523349624,,7.877495594604017,0.9353100267980086,0.0034573356873160987,0.003849695117980223,0.0014305813877721063,-0.08723430451931335,,-0.1464075521828221
安徽省,铜陵市,Medium-sized City,711.0,0.0,0.0,0.0,1620637.0,711.0,0.0,711.0,4.387163812747703,0.0,4.387163812747703,15.773766257395714,0.3438491714459274,0.2388366545173047,0.1645512320294636,7.993683143755109,27.77544450682578,4.321114985790442,1.983877875437706,-0.03198413610917128,-0.06094742030208758,-0.046870446858386317,-4.3260907035416,,-3.070496528680006
安徽省,阜阳市,Medium-sized City,0.0,0.0,0.0,0.0,7842772.5,0.0,0.0,0.0,0.0,0.0,0.0,6.805176020235567,0.4439822513404026,0.3600988551825821,0.2383789077943813,12.802019537694536,,11.380130607708614,-0.2911440738923172,-0.0193334729173103,-0.033310987588081264,-0.021831764254632513,-1.4938242491067548,,-4.052988991272297
安徽省,马鞍山市,Medium-sized City,0.0,0.0,0.0,0.0,2269974.0,0.0,0.0,0.0,0.0,0.0,0.0,20.756162891422225,0.2591976395073264,0.1318305861949287,0.0791933069619849,0.3105958171633273,5.129432025852513,2.573386183552228,0.08536551992470365,0.0012772396965005095,-0.0022648600006355823,-0.0013812467050444976,0.05980760036347871,-0.012094270779965832,-0.04977319996022889
安徽省,黄山市,Small City,0.0,0.0,0.0,0.0,1403642.5,0.0,0.0,0.0,0.0,0.0,0.0,10.751179053088812,0.3070609342613154,0.2295499002061018,0.175645572971394,12.655597083686418,,4.229183872465493,0.14621699207353167,-7.604428264479379e-05,0.015139447670410616,0.018827892449620992,3.599746513139154,,0.10925784897356827
山东省,东营市,Medium-sized City,0.0,0.0,0.0,0.0,2101154.0,0.0,0.0,0.0,0.0,0.0,0.0,17.710062295303256,0.2163065486989651,0.1125106931907346,0.0781875121643143,3.085011402877561,4.186962166016979,2.154800580364723,0.024447975204878958,-0.02099053868964121,-0.015803005176691795,-0.014169755242939105,-1.9252118913838774,-0.17818351903441698,-0.08975267243252594
山东省,临沂市,Type II Large City,0.0,0.0,0.0,0.0,10347137.0,0.0,0.0,0.0,0.0,0.0,0.0,6.443184492435861,0.324293081207933,0.1907719645755806,0.1162830023615553,2.2549156196353857,7.402451276901579,4.040481176268698,-0.0818455604357391,0.00089920030004631,-0.002260994071580702,-0.003131998204201708,-0.4651841547504234,0.1264207483572024,-0.09291537442632603
山东省,威海市,Medium-sized City,0.0,0.0,0.0,0.0,2878616.5,0.0,0.0,0.0,0.0,0.0,0.0,18.76827158532039,0.2997010065129201,0.1558064612169069,0.086161840388275,0.105814529180818,5.650363416301482,3.923705811649024,-0.518452594337738,-0.0059759368888195885,-0.009254564197945209,-0.0064752340865967956,-0.11221988224635711,-0.3281229533833043,-0.19693263681362305
山东省,德州市,Medium-sized City,0.0,0.0,0.0,0.0,5768724.0,0.0,0.0,0.0,0.0,0.0,0.0,6.796206717588464,0.5004602905433445,0.4365882772469286,0.2376395368435151,6.88856973719317,50.44238431211717,5.4182809038748525,1.9230315765094899,-0.07642315604182881,-0.1543986581820972,-0.0987384128350032,-9.291877696601716,,-16.217184633676204
山东省,日照市,Medium-sized City,0.0,0.0,0.0,0.0,2901830.0,0.0,0.0,0.0,0.0,0.0,0.0,9.729362166205116,0.2779526298736986,0.1412324576361411,0.0818615543609844,0.5111160667744179,6.281229374103332,3.2943395019870163,-0.4706361480331651,-0.009410913562341194,-0.007427330329282,-0.003998265811941196,-0.04140414230327483,-0.14390159066321662,-0.25892448173616556
山东省,枣庄市,Type II Large City,0.0,0.0,0.0,0.0,3857541.0,0.0,0.0,0.0,0.0,0.0,0.0,14.063444048930435,0.1635313217745551,0.0515259532655999,0.0289380530029543,0.0119153049761162,2.473887840403398,1.7182429848523733,-0.349442668935108,-0.006885339684432501,-0.003169801690819894,-0.0016103398942614033,-0.013950559373121202,-0.10557528480997824,-0.07783766072691867
山东省,泰安市,Type II Large City,0.0,0.0,0.0,0.0,5680727.5,0.0,0.0,0.0,0.0,0.0,0.0,7.195945187891155,0.3937498309785935,0.2594665321410065,0.1412819823644633,2.2843168740095714,10.195268319373229,3.3839170616184595,0.15153363878661885,-0.023099168004299897,-0.03022868870222617,-0.021310275486052493,-0.9326121753824208,-2.7954019636061176,-1.3258472589729116
山东省,济南市,Super City,1500.0,0.0,86.0,0.0,8401578.0,1500.0,-86.0,1414.0,1.7853788895371796,-0.10236172300013165,1.8877406125373113,30.168366135069817,0.2888702338665103,0.1596573152978761,0.0951584542468974,0.9750319467379318,5.655158673120508,3.4410930092470875,-0.786017963731144,-0.013816073742541013,-0.019862197803877185,-0.013294227234862607,-0.4414191390580007,-0.6416256569321082,-0.37574865826059156
山东省,济宁市,Type II Large City,0.0,0.0,0.0,0.0,8288812.5,0.0,0.0,0.0,0.0,0.0,0.0,13.698476517007853,0.3227159279324446,0.2053374268809494,0.1401355329193212,6.989954399448315,11.57049871804288,3.94694577787263,0.56806338903694,-0.06196165041395124,-0.07426445121486694,-0.04628959428078308,-1.884117909787383,-28.814497941890334,-3.0978472741779095
山东省,淄博市,Type II Large City,0.0,400.0,0.0,0.0,4641961.5,0.0,400.0,400.0,0.0,0.8617046910018534,-0.8617046910018534,11.765545425751135,0.235425359941897,0.1055527609705879,0.062386877064384,0.4975210556299752,4.13496879536575,1.98505900618479,0.9225607588953597,0.005684264326955096,0.0019288651309942034,0.0004097234667799002,-0.06935133015402861,0.3111730907030288,0.1430414756538123
山东省,滨州市,Medium-sized City,0.0,130.0,0.0,0.0,3871804.0,0.0,130.0,130.0,0.0,0.33576079780898,-0.33576079780898,11.404559135437012,0.3157865284958809,0.1864249503930051,0.1230042290069411,5.286920178139668,8.36767407208711,2.987401876583359,-0.2917493847448789,-0.0007709018402177192,-0.006096857373841885,-0.00666802064431081,-0.5820184203290149,-2.81817018728624,-0.1256555408131521
山东省,潍坊市,Type II Large City,0.0,770.0,0.0,0.0,9394093.5,0.0,770.0,770.0,0.0,0.8196639728995672,-0.8196639728995672,10.513174340269575,0.3536045124390977,0.2174546286747273,0.1270505876994051,1.5690014476755796,8.646078422035698,4.693116463092391,0.5839052737660833,0.012280247113361509,0.013390451822358401,0.00662928954296961,-0.1354227234630614,0.7482137261746438,0.4047652175460268
山东省,烟台市,Type II Large City,0.0,0.0,0.0,0.0,7142779.5,0.0,0.0,0.0,0.0,0.0,0.0,4.358376979827881,0.5259996401288066,0.4775840216059887,0.2503476160449898,0.8462942759412425,22.6247662558412,12.125292666361874,0.052314219885313484,-0.0053931340024407914,-0.014143602197329908,-0.00910535239057031,-0.4482529859235006,-1.6393746446740423,-1.1049671402427865
山东省,聊城市,Type II Large City,2100.0,0.0,0.0,0.0,5946883.0,2100.0,0.0,2100.0,3.5312616710300166,0.0,3.5312616710300166,13.248849876424208,0.3179808135714467,0.2056188804062411,0.1455103197949061,8.078885613805337,20.37836135520902,3.327292764880855,4.513222676159842,-0.12013302548971283,-0.1518026309831022,-0.09503300916806848,-5.101394318847497,,-10.495318970235537
山东省,菏泽市,Medium-sized City,0.0,750.0,0.0,0.0,8614945.5,0.0,750.0,750.0,0.0,0.8705800866645065,-0.8705800866645065,6.642934574040885,0.3307508947881451,0.2040103955548435,0.1350387660992472,5.835030245543911,11.655460993798822,3.288837361123857,0.6109805963107489,-0.029096433173146974,-0.046670842847938404,-0.03732180297492341,-3.188068790285503,-103.90611070528462,-0.8998624551741612
山东省,青岛市,Super City,0.0,0.0,0.0,0.0,8847573.5,0.0,0.0,0.0,0.0,0.0,0.0,16.236894776781114,0.3398796426935587,0.2179527942633797,0.131258414986481,0.9019169146405558,14.433755633466948,5.094701985261959,-0.10864562034420189,-0.01259398920540411,-0.018950970903688497,-0.011920769226959615,-0.5234190245014377,0.07686102660399108,-1.1512140433943987
山西省,临汾市,Medium-sized City,0.0,0.0,0.0,0.0,4456878.5,0.0,0.0,0.0,0.0,0.0,0.0,6.798050189262156,0.4486754127566427,0.4102498926818786,0.2955579646121532,22.083164531420447,,,0.17237349638843735,-0.020201496285062626,-0.037411299606316784,-0.02452203020477789,-2.1924730819220457,,
山西省,吕梁市,Small City,0.0,0.0,0.0,0.0,3859425.0,0.0,0.0,0.0,0.0,0.0,0.0,5.38115142883464,0.5343382584976062,0.534246511467301,0.3470748507377889,25.58050031076408,,,-0.004485377653397293,-0.024819214429587566,-0.062073634904953656,-0.04849222343361692,-6.540370598106435,,
山西省,大同市,Type II Large City,0.0,0.0,0.0,0.0,3422487.5,0.0,0.0,0.0,0.0,0.0,0.0,15.930963337421415,0.4075195838863176,0.3869785671425714,0.2846282869719799,20.85601805538896,,,-1.092885377067164,0.014719364718343286,0.011873070495672822,0.0051775452775046915,0.33544029641744544,,
山西省,太原市,Type I Large City,0.0,0.0,0.0,0.0,4334813.5,0.0,0.0,0.0,0.0,0.0,0.0,42.31957537866538,0.1157423921171741,0.0564658650427101,0.0442559851899159,2.588693149107657,1.7936687319641458,1.2888821997843445,-1.283388350346243,-0.011195603739775795,-0.008306700332558994,-0.005848376131285402,-0.046843085442426435,-0.15511812658785495,-0.012599638188743434
山西省,忻州市,Small City,0.0,0.0,0.0,0.0,3165758.0,0.0,0.0,0.0,0.0,0.0,0.0,0.0789454962250252,0.764573584546746,1.1686085110050812,0.61741280063525,49.25565585818028,,,0.0789454962250252,-0.005818354784713375,-0.022540722754987197,-0.011716434560161915,-1.8101014112231155,,
山西省,晋中市,Medium-sized City,0.0,0.0,0.0,0.0,3354521.0,0.0,0.0,0.0,0.0,0.0,0.0,4.584771156311035,0.5744871349829069,0.5857113933854626,0.3391427405762757,14.302910363867738,,25.95489142743719,-0.06691917163143568,-0.024254087838136984,-0.05318699938215976,-0.027772058409668232,-2.354177230214212,,-8.229249821597996
山西省,晋城市,Medium-sized City,0.0,0.0,0.0,0.0,2353008.0,0.0,0.0,0.0,0.0,0.0,0.0,12.41197671200947,0.283469584071504,0.1662908701442662,0.1153264618153143,5.45037827347149,8.833033180388728,2.6128855924061813,0.32522428178116947,-0.0011299063658272712,-0.002052161447954004,-0.0015145092656837084,-0.15592068428249917,0.18048501978165987,-0.11051013536553222
山西省,运城市,Medium-sized City,0.0,0.0,0.0,0.0,5308786.5,0.0,0.0,0.0,0.0,0.0,0.0,3.936495542526245,0.4626982748982876,0.4106032573733828,0.2851068425473201,19.22743850760079,,156.7874292768931,0.5829441547393803,-0.058554881030637496,-0.11768783834526769,-0.07950481560389921,-9.075483965055437,,
山西省,长治市,Type II Large City,0.0,0.0,0.0,0.0,3441687.5,0.0,0.0,0.0,0.0,0.0,0.0,12.900725906258389,0.3289601978996862,0.2323611306732731,0.1657806662662257,8.392673993523731,65.87516617435263,4.963021850837154,-0.4849991151039159,-0.006615117830196748,-0.01338100868101269,-0.016452137000268208,-3.172041575199076,,-0.07506693357650995
山西省,阳泉市,Medium-sized City,0.0,0.0,0.0,0.0,1409451.0,0.0,0.0,0.0,0.0,0.0,0.0,15.00117661863742,0.1445083309220357,0.062769990622793,0.0476626827724259,2.908432798251372,1.9315430673239224,1.41321319335234,-0.6485554640497568,0.003582406764917001,-0.0006064877904997101,-0.0005013843415280009,-0.04579354266410096,0.07808717096903961,0.03361013569590221
广东省,东莞市,Super City,0.0,0.0,0.0,0.0,8450131.5,0.0,0.0,0.0,0.0,0.0,0.0,19.848300126882695,0.1683279270667289,0.0445661216639001,0.0227673407223593,0.0,2.228315761107249,1.7717302416520306,3.3424888218418545,-0.053887980835710725,-0.0340300483906973,-0.017737670256504197,0.0,-0.663217266619863,-0.4264256105049853
广东省,中山市,Type II Large City,0.0,0.0,0.0,0.0,3241618.5,0.0,0.0,0.0,0.0,0.0,0.0,21.63542271761096,0.1066820770648087,0.0197643997099864,0.0103330467582265,0.0006810590964265,1.6260591119078698,1.359014095637469,0.21154647656278414,-0.009586734465384203,-0.0034864859428351998,-0.001723623571902401,9.69781907690999e-05,-0.058145984885314306,-0.0333931603964579
广东省,云浮市,Small City,0.0,0.0,0.0,0.0,2446135.0,0.0,0.0,0.0,0.0,0.0,0.0,10.03106464160962,0.329420935474544,0.2085756354573897,0.1386378067266283,5.627289186756843,12.697610078116094,3.8700020949244687,-2.436667787894777,-0.0398792760715157,-0.0666482395565218,-0.0543305429138429,-5.160553203799437,,-3.186212715728929
广东省,佛山市,Super City,0.0,0.0,0.0,0.0,7351005.5,0.0,0.0,0.0,0.0,0.0,0.0,30.41587334502456,0.1215124857983781,0.0315525181347707,0.0177752212173306,0.0019759156050152,1.7588016603354704,1.3580773058343214,1.287285763117243,-0.008846002021337299,-0.0063000396886256985,-0.0041124898022597,0.0017280644060625999,-0.10572703408049766,-0.013793199179732207
广东省,广州市,Mega City,2069.0,2179.0,0.0,0.0,13184413.0,2069.0,2179.0,4248.0,1.5692772973662157,1.6527091498119788,-0.08343185244576312,35.151119932608616,0.1209112496848592,0.0367582814835482,0.0216195587336798,0.0485547764372845,1.8974749612988069,1.3552786765970284,1.7968361664360017,-0.009098807376700907,-0.006144532007131304,-0.004592133420857698,-0.269882221385309,-0.11868778931086221,-0.04449902433662767
广东省,惠州市,Type II Large City,1600.0,0.0,0.0,0.0,4780765.5,1600.0,0.0,1600.0,3.3467443655205424,0.0,3.3467443655205424,9.78082280986163,0.2814756348438979,0.1705210139738289,0.1224863411019707,6.429532912127961,11.611605103504033,2.5380902307002744,2.114755543737969,-0.014763035379574962,-0.01811880698218779,-0.014263048690300997,-0.9032656216124533,-10.427186843872018,-0.16674166958693037
广东省,揭阳市,Medium-sized City,495.0,0.0,0.0,0.0,6091185.0,495.0,0.0,495.0,0.8126497553431721,0.0,0.8126497553431721,6.676787067960192,0.2447104969447069,0.1134970494702107,0.0683026098741212,0.6899974624828167,4.335289266975677,2.3554097554962663,0.8244384388446209,-0.017011584683932296,-0.020845510327059405,-0.014968853120567699,-0.6989936305427604,-1.2307616676995545,-0.3397511338890822
广东省,梅州市,Medium-sized City,0.0,0.0,0.0,0.0,4377597.5,0.0,0.0,0.0,0.0,0.0,0.0,7.276309453236587,0.4420344034760852,0.3865962119608231,0.2740766291265112,17.682160696651323,,100.71424059183262,1.2756166088457181,-0.09412719388659269,-0.1735824629052532,-0.10726868999172018,-11.091713008489101,,
广东省,汕头市,Type II Large City,1300.0,0.0,0.0,0.0,5532786.0,1300.0,0.0,1300.0,2.3496300055704307,0.0,2.3496300055704307,7.746062278747559,0.0855369741936322,0.0151976811705394,0.0084951643620136,0.0159270837635321,1.4298135135614565,1.2891831468309711,1.778101628816402,-0.01683234957758241,-0.005693601698045801,-0.0032435512842784,-0.0444210468999043,-0.07481654389483428,-0.08557751253774004
广东省,汕尾市,Small City,0.0,0.0,0.0,0.0,3002751.5,0.0,0.0,0.0,0.0,0.0,0.0,2.540039166616815,0.3677993041396526,0.2641742895604664,0.1722331855260989,4.608172654626654,27.37965507929554,6.870697170506836,0.12695949302312082,-0.06666248028801997,-0.1312630494285319,-0.1121536855043867,-13.827497389384131,,-157.9509301781487
广东省,江门市,Type II Large City,0.0,0.0,0.0,0.0,4588982.0,0.0,0.0,0.0,0.0,0.0,0.0,7.4765168537110815,0.4084594906500669,0.2762522567370667,0.153963727878871,2.1414691900884084,10.806340226332413,5.16551071065048,-0.8043656772892609,0.02531303026167331,0.030395004084173227,0.013129394692051294,-0.09324077531704367,1.6149913447352606,0.6402667651024041
广东省,河源市,Medium-sized City,0.0,0.0,0.0,0.0,3037910.5,0.0,0.0,0.0,0.0,0.0,0.0,2.669773840925609,0.5884540662779005,0.6585692057243677,0.4300665034160601,33.28086479719563,,,0.38614964507009786,-0.030417392828009815,-0.09110065863785133,-0.05889097025181028,-9.132973313442541,,
广东省,深圳市,Mega City,3701.0,1227.0,0.0,0.0,10535449.0,3701.0,1227.0,4928.0,3.5129020130039073,1.1646394947192094,2.348262518284698,15.238981175615445,0.0611301893124801,0.008362311660829,0.0046037615132669,0.0,1.2765297618582432,1.1544559195243476,4.76338361649753,-0.021324629514213003,-0.005844248351698901,-0.0029540577742245,0.0,-0.10650444332124032,-0.036710686011527605
广东省,清远市,Medium-sized City,0.0,0.0,0.0,0.0,3825165.0,0.0,0.0,0.0,0.0,0.0,0.0,1.362535943587621,0.6715271307909444,0.8592315248963456,0.516428281009953,39.26873164625941,,,0.6566590002107455,-0.01372756373491335,-0.05153947616494725,-0.030920189738785075,-5.20512663902511,,
广东省,湛江市,Type II Large City,2000.0,0.0,300.0,0.0,7176798.5,2000.0,-300.0,1700.0,2.7867579116231282,-0.4180136867434693,3.2047715983665976,10.486782481489875,0.4885327161084362,0.4733150842332438,0.3334740240938233,25.113269418334585,,,3.2652030738780384,-0.02851923611235696,-0.04767389286591245,-0.024420199770644968,-1.5996900277495492,,
广东省,潮州市,Medium-sized City,0.0,0.0,0.0,0.0,2747173.5,0.0,0.0,0.0,0.0,0.0,0.0,5.935495187270253,0.2882058780543728,0.1855543747987629,0.1355583799402606,7.587605455731898,21.331659575465984,2.9722575572285344,0.7594180983287329,-0.011543697498159478,-0.01369439822792079,-0.008680495366995694,-0.13804189299567327,-16.010463585463718,-0.2335713255756735
广东省,珠海市,Type II Large City,0.0,0.0,0.0,0.0,1574690.0,0.0,0.0,0.0,0.0,0.0,0.0,15.861821296064676,0.1397412803691129,0.0444021232243254,0.0255007069220011,0.097206130120872,2.2039151377834085,1.516800720850452,-0.3030512308417137,-0.0004012556850377935,-0.0007660931343519972,-0.0005272359133124023,-0.010624228684487508,-0.06573305473853441,-0.023098149654589006
广东省,肇庆市,Medium-sized City,0.0,0.0,0.0,0.0,4039803.5,0.0,0.0,0.0,0.0,0.0,0.0,2.5910006749133268,0.6041676549614001,0.7394371337520736,0.4861961209842119,39.700266921183456,,,0.22587164913614588,-0.018470880173461213,-0.0279642803265292,-0.008450268212553624,-0.17065356089712225,,
广东省,茂名市,Medium-sized City,0.0,0.0,0.0,0.0,5999710.5,0.0,0.0,0.0,0.0,0.0,0.0,12.783288955688477,0.3519959716123491,0.25698046413567,0.1803465827281632,9.354514465881968,240.7704875768996,6.086525053838112,3.2130138616037414,-0.1244889981462653,-0.17338417751911323,-0.10478226672761268,-6.733059266811511,,-18.26856516520793
广东省,阳江市,Medium-sized City,0.0,0.0,0.0,0.0,2501052.0,0.0,0.0,0.0,0.0,0.0,0.0,8.150105129404988,0.3647764002076076,0.2805262397887745,0.2063923408431157,14.18306917429312,,5.345039013692066,1.770788322611775,-0.11876823295423938,-0.2114304023882343,-0.15021342921937708,-16.228084333144405,,
广东省,韶关市,Medium-sized City,0.0,0.0,0.0,0.0,2918395.5,0.0,0.0,0.0,0.0,0.0,0.0,12.345978266183874,0.5114938331584651,0.5362515720440907,0.3773001536634722,29.34866359194734,,,-0.28512396021473485,-0.01338366176416883,-0.04328234825418287,-0.03293425344645279,-4.935563308864634,,
广西壮族自治区,北海市,Medium-sized City,0.0,162.0,0.0,0.0,1579214.0,0.0,162.0,162.0,0.0,1.0258267720524261,-1.0258267720524261,14.322854042053224,0.3672998489224547,0.291960333549668,0.2052203174053212,11.098637155160446,,7.698813896294991,1.499840736389162,0.00875034281344389,0.013386700131991669,0.006043073005991606,-1.1522118763206102,,1.4352327818154293
广西壮族自治区,南宁市,Type I Large City,600.0,0.0,96.0,0.0,6868433.5,600.0,-96.0,504.0,0.8735616352695269,-0.1397698616431243,1.0133314969126512,22.91019985892556,0.4709305554904106,0.4830115244821021,0.337214533063383,22.11818657587192,,,3.6498372338034883,-0.021014932222114313,-0.040910049222368794,-0.02707655864358849,-3.8357184293649915,,
广西壮族自治区,来宾市,Small City,0.0,0.0,0.0,0.0,2182116.5,0.0,0.0,0.0,0.0,0.0,0.0,0.6939297914505005,0.7262261790516373,1.0157064398279587,0.5646586086160678,40.89322191696843,,,0.3416999585703335,-0.022498246241157815,-0.08124265736803848,-0.030636470907164592,-5.079672422920979,,
广西壮族自治区,柳州市,Type II Large City,0.0,0.0,0.0,0.0,3871927.5,0.0,0.0,0.0,0.0,0.0,0.0,25.28979878697508,0.428973200035722,0.4476411893270869,0.3408653445873713,29.70504442605376,,,-1.2795673963221397,-0.0038270212634807232,-0.0020243497421396084,0.0005373713320303564,0.25382403067711223,,
广西壮族自治区,桂林市,Type II Large City,0.0,0.0,0.0,0.0,4900657.0,0.0,0.0,0.0,0.0,0.0,0.0,0.5974466482812429,0.6131410456705899,0.8034741816343203,0.5284855849050654,46.690199891206525,,,0.26149651209655056,-0.014988656457649352,-0.02745470046245102,-0.010646686947145323,-1.3808958740958346,,
广西壮族自治区,梧州市,Medium-sized City,0.0,0.0,0.0,0.0,2974872.5,0.0,0.0,0.0,0.0,0.0,0.0,6.877297639846802,0.5752784730693141,0.6434243885814303,0.423265631979041,31.68813741277509,,,6.877297639846802,-0.18047052472257075,-0.6791305236388309,-0.29456777087149544,-34.75980958523262,,
广西壮族自治区,河池市,Small City,0.0,0.0,0.0,0.0,3483611.5,0.0,0.0,0.0,0.0,0.0,0.0,0.0,0.7929633163547265,1.385218148139476,0.7308635993206603,69.18813902884231,,,0.0,0.06661879261737824,0.294754249344501,0.093953852158009,11.126259124493572,,
广西壮族自治区,玉林市,Medium-sized City,0.0,0.0,0.0,0.0,5637921.5,0.0,0.0,0.0,0.0,0.0,0.0,5.063493037120605,0.5403024488303743,0.5156729583923902,0.3186411059343959,18.822066138333685,,84.493728276521,-0.08434145989846265,-0.0038241951804280916,-0.010421642173050416,-0.003924414611322424,-0.3732819165443182,,-62.697264332047396
广西壮族自治区,百色市,Small City,0.0,594.0,0.0,0.0,3569333.5,0.0,594.0,594.0,0.0,1.6641762390653605,-1.6641762390653605,0.0,0.778167986360089,1.2907722788720546,0.7008951063840638,65.40943188815247,,,0.0,0.027189650859146597,0.11734575495775368,0.03632311457105708,4.000865212836231,,
广西壮族自治区,贵港市,Medium-sized City,0.0,0.0,0.0,0.0,4256014.5,0.0,0.0,0.0,0.0,0.0,0.0,0.0,0.6352700146158378,0.84813230446879,0.5478490125337452,50.11951897919186,,,-2.1994858849564127,0.010700552304463762,0.0685940625569994,0.04269851354321863,6.637295224913558,,
广西壮族自治区,贺州市,Small City,0.0,0.0,0.0,0.0,2025126.5,0.0,0.0,0.0,0.0,0.0,0.0,2.8267349394270287,0.464169678533683,0.4529908813371567,0.3151607821229557,22.781799185677237,,,0.2003050199516383,0.02832796651631081,0.057654678888380884,0.033380831130403854,3.0902151542632375,,
广西壮族自治区,钦州市,Medium-sized City,0.0,0.0,0.0,0.0,3166645.0,0.0,0.0,0.0,0.0,0.0,0.0,1.8269286146459651,0.67130686427494,0.8725651474799545,0.5315992315903983,43.138230318937545,,,1.8269286146459651,-0.03170746869129126,-0.12148340706695226,-0.06490720324323584,-10.535678169506902,,
广西壮族自治区,防城港市,Small City,0.0,0.0,0.0,0.0,869556.5,0.0,0.0,0.0,0.0,0.0,0.0,8.292824595181983,0.4865158702819419,0.4480404920243848,0.2953822307715725,17.972102382448192,,41.43643235481988,-9.452868611605126,0.059912367075869555,0.06678704689801468,0.027292533185408585,0.2788915064310906,,21.56250086522975
新疆维吾尔自治区,乌鲁木齐市,Type I Large City,0.0,0.0,0.0,0.0,3225699.0,0.0,0.0,0.0,0.0,0.0,0.0,52.37764718528048,0.0548411923743142,0.0156942327802395,0.0105398297868021,0.3085977014920368,1.2583633306584812,1.075383660120429,0.09474071399395001,0.007431918525126799,0.0016556000448836004,0.00023911287631279976,-0.17074114148316982,0.01862459497976765,0.02163205073247587
新疆维吾尔自治区,伊犁哈萨克自治州,Small City,0.0,0.0,0.0,0.0,2424341.0,0.0,0.0,0.0,0.0,0.0,0.0,17.954228456630265,0.5397367647828246,0.6155071107685547,0.436538021387964,39.86837884585146,,,1.7073824483294828,-0.0060389699115632745,-0.006798705021640261,0.0004733769885140182,1.1043035753452912,,
新疆维吾尔自治区,克孜勒苏柯尔克孜自治州,Small City,0.0,0.0,0.0,0.0,545420.5,0.0,0.0,0.0,0.0,0.0,0.0,5.766338707266113,0.5878125473480518,0.6857772714034717,0.4384792269895715,31.99526427123209,,,0.26105395453998614,-0.01087557342647183,-0.02956384366738518,-0.014958289505547007,-2.4104657919433627,,
新疆维吾尔自治区,克拉玛依市,Small City,0.0,0.0,0.0,0.0,346312.5,0.0,0.0,0.0,0.0,0.0,0.0,39.562644107572005,0.1805991823291226,0.0919867333625052,0.0676208235146796,4.168518123113678,2.3890900715490404,2.33494989601904,-0.21799746341212511,0.0008681396419870924,0.000820348147770697,0.0003884808178443999,-0.015547231414989149,0.04110460436165431,0.056785676143027874
新疆维吾尔自治区,博尔塔拉蒙古自治州,Small City,0.0,0.0,0.0,0.0,417005.0,0.0,0.0,0.0,0.0,0.0,0.0,5.654567461965203,0.5539032785371844,0.6824262824671992,0.4660966395314025,40.85316696131037,,,-0.820781064503441,0.0051246486081711895,0.01028092314389939,0.005888868381278833,0.7943676122859955,,
新疆维吾尔自治区,和田地区,Small City,0.0,0.0,0.0,0.0,2038782.0,0.0,0.0,0.0,0.0,0.0,0.0,6.069317056464659,0.5670849136006075,0.6937214325084896,0.4836556149921784,45.74361072916815,,,-2.151458599270237,0.012545000116332305,0.02404533364603012,0.01177501340971282,1.134250972905754,,
新疆维吾尔自治区,喀什地区,Small City,0.0,0.0,0.0,0.0,4108052.5,0.0,0.0,0.0,0.0,0.0,0.0,0.0,0.7604168974529917,1.255461306471709,0.6916016355240591,64.37371985004677,,,0.0,-0.012554389472595573,-0.06349309334118303,-0.02178679412856266,-2.9844372508301404,,
新疆维吾尔自治区,塔城地区,Small City,0.0,0.0,0.0,0.0,1318747.5,0.0,0.0,0.0,0.0,0.0,0.0,3.2673447736873134,0.663800218153467,0.8552330341267861,0.5243463285161636,42.83577704971173,,,1.332814871449547,-0.024423738582478927,-0.07399920073591293,-0.03201556955080065,-3.785147608995487,,
新疆维吾尔自治区,巴音郭楞蒙古自治州,Small City,800.0,0.0,0.0,0.0,1236483.0,800.0,0.0,800.0,6.469963598367305,0.0,6.469963598367305,14.29989529065308,0.50973319521795,0.5845208969061295,0.4201139703809158,37.90707684966048,,,5.309474463327295,0.0007600095684394681,-0.00269254734088209,-0.0020623113136145066,-0.31887644200936904,,
新疆维吾尔自治区,新疆维吾尔自治区,Small City,0.0,0.0,0.0,0.0,1130279.0,0.0,0.0,0.0,0.0,0.0,0.0,11.693824250627994,0.5933170583624368,0.6838665653630209,0.4488278269170178,37.5676543864695,,,2.4871677289780436,0.007338347151107705,-0.025209251860803472,-0.021445174037888592,-2.7456583361755307,,
新疆维吾尔自治区,昌吉回族自治州,Small City,0.0,0.0,0.0,0.0,1471012.5,0.0,0.0,0.0,0.0,0.0,0.0,3.3785098989804587,0.5988063056870637,0.764914675161402,0.5160374318266584,47.7403576567873,,,1.6756190372260094,-0.008737551539714783,-0.01960782935037575,-0.0072958847561688245,-0.28701889391780355,,
新疆维吾尔自治区,阿克苏地区,Small City,0.0,0.0,0.0,0.0,2443859.5,0.0,0.0,0.0,0.0,0.0,0.0,0.0,0.7678499113602393,1.3295338876193192,0.723527884964493,70.04611937902241,,,0.0,-0.00572218079040121,-0.030278801415491996,-0.008503855297086749,-0.9477733410983262,,
新疆维吾尔自治区,阿勒泰地区,Small City,750.0,0.0,0.0,0.0,555195.0,750.0,0.0,750.0,13.508767189906248,0.0,13.508767189906248,0.0,0.792270281892489,1.4345512259707434,0.7515914612286401,73.45683675818799,,,0.0,0.792270281892489,1.4345512259707434,0.7515914612286401,-26.54316324181201,,
江苏省,南京市,Super City,1130.0,272.0,0.0,0.0,8228095.5,1130.0,272.0,1402.0,1.3733433210637869,0.33057467551269915,1.0427686455510878,30.23247737988928,0.1448401811248373,0.0745217007732217,0.0547571938860289,1.389734093095078,2.286381385485759,1.3960634452802143,1.4789453535688182,0.002193532300968498,0.0017195732960212096,0.0011956106087967003,-0.05399215287700243,0.071287297333122,0.0057721458388235725
江苏省,南通市,Type II Large City,0.0,0.0,0.0,0.0,7521850.5,0.0,0.0,0.0,0.0,0.0,0.0,7.013424895372585,0.4339640707851444,0.3567953864825958,0.241245329579793,11.6105211693289,,15.967958930607326,0.6590458456207822,-0.03289865937591935,-0.050413286587250306,-0.025166390928486326,-0.136116432261284,,-5.264971842608611
江苏省,宿迁市,Medium-sized City,0.0,0.0,0.0,0.0,4841925.5,0.0,0.0,0.0,0.0,0.0,0.0,2.035237131892024,0.5225424121858021,0.4786832102843485,0.2946694918929448,15.634477650031023,,19.465015004546014,0.02262877509842287,0.0030804787162336256,-0.0049180336564108584,-0.00673872870413772,-1.824864633582525,,-8.393077734513284
江苏省,常州市,Type I Large City,0.0,0.0,0.0,0.0,4741091.0,0.0,0.0,0.0,0.0,0.0,0.0,13.45843587502572,0.2251781482061139,0.1049553140063683,0.062752161295073,0.2153487704606657,3.650417500651272,2.500568478946859,0.999086740698683,0.0031617668707484003,-0.0013852445700597987,-0.0030622872187694994,-0.6234052974617817,-0.09901973043066903,0.06011480398840119
江苏省,徐州市,Type II Large City,0.0,0.0,0.0,0.0,8791579.5,0.0,0.0,0.0,0.0,0.0,0.0,6.046566920192131,0.5695310066824661,0.622555245317178,0.3853605823980102,18.99489168243784,,377.9922986380562,1.5338480011277484,-0.02106966294830115,-0.05860702657836059,-0.030426762244819328,-1.3626100947235251,,
江苏省,扬州市,Type II Large City,0.0,0.0,0.0,0.0,4610733.5,0.0,0.0,0.0,0.0,0.0,0.0,14.965775381357483,0.3644828810004779,0.2778372963045754,0.1893475010497709,8.132027636810433,94.4050110484574,6.378892360698387,4.756389645433304,-0.02193920006264083,-0.004212726752006901,0.004642518345629704,1.0752781189631184,54.95582076440111,0.7550885393174518
江苏省,无锡市,Type I Large City,2200.0,0.0,0.0,0.0,6579708.0,2200.0,0.0,2200.0,3.3436134247902793,0.0,3.3436134247902793,16.765065015493047,0.1806559351876553,0.0642819587715209,0.0359398743626477,0.0001211730704362,3.0316581332306263,1.7829811150452832,2.1119043362464787,0.007199037748006509,0.0060702401683947055,0.0036661323206186036,2.9671841803452528e-05,0.27774408229102043,0.05283607747663899
江苏省,泰州市,Medium-sized City,3500.0,0.0,0.0,0.0,4766163.5,3500.0,0.0,3500.0,7.3434325112850205,0.0,7.3434325112850205,12.245894442914098,0.2631942279460536,0.1290435704123544,0.0794730216767464,1.5717695785546415,4.893557763655921,2.473620285738614,5.991847617089779,-0.09856703942816686,-0.08967828804017192,-0.044590862802572406,-0.3851627818453174,-3.5905762173669418,-1.6472741113533274
江苏省,淮安市,Type II Large City,0.0,0.0,0.0,0.0,4968625.0,0.0,0.0,0.0,0.0,0.0,0.0,7.464296614040028,0.3825497170153419,0.3259703961367133,0.2450871291046464,17.41707780630445,,51.153800703477486,-0.05346341419035561,-0.0012621882916319938,-0.0032159920556006916,-0.002447540087139405,-0.07579266263034867,,-9.463863428358266
江苏省,盐城市,Type II Large City,2600.0,400.0,0.0,0.0,7495935.5,2600.0,400.0,3000.0,3.468546387572305,0.53362252116497,2.9349238664073347,3.578908204194027,0.6111860069767804,0.6998286216112749,0.439628170570809,30.111805660282176,,,1.8192338370422647,0.012689730846537128,0.010877843130068676,-0.0030382854909353774,-1.6435912390578906,,
江苏省,苏州市,Type I Large City,2050.0,0.0,0.0,0.0,10731842.5,2050.0,0.0,2050.0,1.9102032106788747,0.0,1.9102032106788747,11.199345190684408,0.2157745971658612,0.0811706732521619,0.045000327274549,0.1189174361232822,2.996986606139478,2.164106664605025,2.098790292820178,-0.017241435562059704,-0.014122503350880694,-0.0083408004985693,0.0542152842393311,-0.4044968734645735,-0.18451660120704494
江苏省,连云港市,Type II Large City,2930.0,0.0,0.0,0.0,4518636.0,2930.0,0.0,2930.0,6.484257638809588,0.0,6.484257638809588,13.96046938051714,0.2961748042102788,0.1831864440874197,0.128759178017053,5.808420383354732,15.406623581411832,2.939242650458413,6.55355057620669,-0.004375740380171578,-0.005775850069647925,-0.006266144290842102,-1.2611244676994033,0.3091312586746806,-0.250075393802641
江苏省,镇江市,Medium-sized City,0.0,0.0,0.0,0.0,3216256.0,0.0,0.0,0.0,0.0,0.0,0.0,16.86869695060214,0.2176899649585488,0.0787337282084966,0.0418027459603196,0.0,3.1488925422501817,2.0878288742283178,0.9398927610575036,-0.03376712328208298,-0.028079351987309598,-0.015526575339450802,0.0,-0.6199430132403223,-0.473206475021394
江西省,上饶市,Type II Large City,0.0,0.0,0.0,0.0,6787591.0,0.0,0.0,0.0,0.0,0.0,0.0,3.085980964632637,0.5342185247849633,0.524958016739589,0.3100346814208764,17.1037247148242,,25.563407240157268,0.02068621768615131,-0.013959238210916158,-0.03380120105624851,-0.02067043030906357,-2.043427650309294,,-94.45722307374254
江西省,九江市,Medium-sized City,0.0,0.0,0.0,0.0,4888678.5,0.0,0.0,0.0,0.0,0.0,0.0,14.061624774417362,0.5412204000176859,0.5967574327569813,0.4165932283951624,35.39341872546687,,,1.5429699042669807,-0.010006746905790509,-0.01708405274069158,-0.007039226167851909,0.14647009052109183,,
江西省,南昌市,Type I Large City,720.0,0.0,26.0,0.0,5205867.0,720.0,-26.0,694.0,1.3830549262975793,-0.04994365011630147,1.4329985764138808,38.97546244271194,0.2010937902459695,0.1038181995069472,0.0730730985582982,2.7890160161999416,3.5390589353076702,2.028373309308853,0.33213519977739026,-0.009301102318596405,-0.0142717588085709,-0.01276376295389929,-1.0105079443009393,-0.6667939380998211,-0.03519439553152015
江西省,吉安市,Small City,0.0,0.0,0.0,0.0,4961715.0,0.0,0.0,0.0,0.0,0.0,0.0,2.2873356342315674,0.6120528409859592,0.7392565650812423,0.4848597420346976,41.505725228432254,,,0.06064418159696361,0.0052362661260315635,0.007939542564099011,0.0025079013586049026,0.2676320304252897,,
江西省,宜春市,Medium-sized City,0.0,0.0,0.0,0.0,5605503.5,0.0,0.0,0.0,0.0,0.0,0.0,6.965713215574731,0.523584176751446,0.5151211879159208,0.3431941994356622,23.60718346196149,,,0.5594297131831443,-0.012656683041091021,-0.025882017292027437,-0.01640425051614497,-2.0502464432365493,,
江西省,抚州市,Medium-sized City,0.0,0.0,0.0,0.0,4039172.0,0.0,0.0,0.0,0.0,0.0,0.0,2.994501683272813,0.4932560831682911,0.4857187147242492,0.3398460057521391,26.802694332059826,,,0.22164163307139706,-0.01486402513631252,-0.029563807103101136,-0.0171781073249736,-0.9494085097040639,,
江西省,新余市,Medium-sized City,0.0,0.0,0.0,0.0,1170390.5,0.0,0.0,0.0,0.0,0.0,0.0,10.129596710205078,0.1794331557779361,0.0876797384837882,0.0638393142551297,3.098818931090152,2.524226157603321,1.6786194474063472,0.01482828458150287,0.0037046394285713824,0.004744759805165102,0.0046143622778791055,0.3678696330089908,0.0023023884354649304,0.026392262389709487
江西省,景德镇市,Medium-sized City,0.0,0.0,0.0,0.0,1637843.0,0.0,0.0,0.0,0.0,0.0,0.0,11.952436447143556,0.3775821353671577,0.2880917457377093,0.1970949507419821,9.323078572194234,305.4581038488271,6.181576898064997,0.4616651468109687,-0.04891124574736111,-0.08544880575934583,-0.0644629209453734,-7.229313362592659,,-15.197484364925199
江西省,萍乡市,Medium-sized City,650.0,0.0,0.0,0.0,1910221.0,650.0,0.0,650.0,3.402747640194512,0.0,3.402747640194512,14.138633108326603,0.1850047660777752,0.1091303608233336,0.0824013557072806,3.981132549755647,3.6050409444150735,1.6698524853673962,2.6803304944044513,-0.04477654401192202,-0.06227884732410929,-0.05981092570880639,-7.644061729409777,,-0.3958229192080083
江西省,赣州市,Type II Large City,1200.0,0.0,0.0,0.0,8633973.0,1200.0,0.0,1200.0,1.3898584116489592,0.0,1.3898584116489592,0.0,0.7215314776073991,1.0890472396520745,0.6363043121972412,56.39019115875444,,,0.0,-0.0038275653027475265,-0.019518265189079953,-0.011526147195958458,-3.6705018214335965,,
江西省,鹰潭市,Small City,0.0,0.0,0.0,0.0,1161683.0,0.0,0.0,0.0,0.0,0.0,0.0,8.551344357943059,0.0890298892160006,0.0244329501208309,0.0160920152204139,0.5197722247952575,1.4025244587199228,1.2158424337622145,-0.5235028634314531,-0.01998106315645011,-0.013983651422500899,-0.009694642928704499,-0.3535559515295892,-0.2762422353354179,-0.028264259966234162
河北省,保定市,Type II Large City,910.0,0.0,0.0,0.0,11534304.5,910.0,0.0,910.0,0.7889509072697015,0.0,0.7889509072697015,8.306650537941325,0.385071824653707,0.2963075854606753,0.2125163964637305,13.200202953924173,,7.862673504567836,0.9178588444434173,-0.025645189657891032,-0.028221918624706965,-0.014160563651910596,-0.2884436329047091,,-1.5801259195369193
河北省,唐山市,Type II Large City,0.0,0.0,0.0,0.0,7809535.0,0.0,0.0,0.0,0.0,0.0,0.0,8.544478315652478,0.3725169996087555,0.2503981772863237,0.1570944891192169,4.8824495519933855,13.258203629453076,5.310280339248854,0.20901530268468704,-0.004302626689570821,-0.005006233721377706,-0.003369166360780912,-0.5202750201578565,0.07360249994990475,-0.19472201894420849
河北省,廊坊市,Medium-sized City,0.0,0.0,0.0,0.0,4484388.0,0.0,0.0,0.0,0.0,0.0,0.0,11.313775493252662,0.3541466541073687,0.2225658724700615,0.1371185937311921,2.94172876148368,12.845275068503703,4.296120353207115,0.08079082035948382,-0.01895975437772973,-0.0349733166631504,-0.03086076049475181,-3.2225393881751883,-12.028608014819607,-1.26270275207201
河北省,张家口市,Type II Large City,0.0,0.0,0.0,0.0,4481338.5,0.0,0.0,0.0,0.0,0.0,0.0,0.0,0.7247368325155066,1.096335177682255,0.6433972105384973,60.374513620845136,,,0.0,-0.011924244142266671,-0.06071406687215708,-0.02408780732357796,-3.256567237725477,,
河北省,承德市,Medium-sized City,442.0,0.0,0.0,0.0,3574435.0,442.0,0.0,442.0,1.2365590645794369,0.0,1.2365590645794369,1.2970502643032118,0.6690105888153854,0.8903855848134493,0.5485887571736557,46.07269210318075,,,1.2970502643032118,-0.019026669340262536,-0.06986676864921826,-0.03284757306860775,-5.216528290933475,,
河北省,沧州市,Medium-sized City,0.0,1085.0,0.0,0.0,7327350.5,0.0,1085.0,1085.0,0.0,1.4807535138383239,-1.4807535138383239,9.807423853951365,0.4883628984403991,0.4150016157675822,0.2505051873790584,8.161287712942935,143.21831408166875,11.821486227551866,2.675400996285349,-0.04266016167675152,-0.07938712253322278,-0.048663786004337906,-4.997560715777654,,-6.78649985585912
河北省,石家庄市,Type I Large City,0.0,0.0,0.0,0.0,10493927.5,0.0,0.0,0.0,0.0,0.0,0.0,15.12605559877345,0.301080972704855,0.1905769067100482,0.1319934176176902,5.022675581774672,15.03248607517867,3.394704396106313,0.013471839753750103,-0.017381070099195095,-0.018588815384544294,-0.011708124977461487,-0.17529978662785606,-6.00298532527642,-0.402885676210992
河北省,秦皇岛市,Type II Large City,0.0,0.0,0.0,0.0,3077661.5,0.0,0.0,0.0,0.0,0.0,0.0,9.119698567894416,0.3754937121158106,0.3025566800791327,0.2123960942438324,11.878049263212676,,10.660664229560018,0.18703414052701994,-0.017222978517997756,-0.02672834210699665,-0.017880338627325604,-0.8882425747452238,,-2.8137754497980456
河北省,衡水市,Medium-sized City,0.0,0.0,0.0,0.0,4488908.5,0.0,0.0,0.0,0.0,0.0,0.0,1.954724192619324,0.4333035795234879,0.3636328682456898,0.2404778996477318,15.333478337277247,,7.9549459030583325,-0.009817646584660888,-4.144798079597223e-05,0.0004778977054061273,-0.005502089531451593,-1.0691673083751052,,-1.7307840175501816
河北省,邢台市,Type II Large City,0.0,0.0,0.0,0.0,7315040.0,0.0,0.0,0.0,0.0,0.0,0.0,1.2140105952476632,0.5922153340672265,0.6365206095434559,0.3800416615292116,18.18459701394993,,154.9326587513532,0.10579825737497073,-0.006111905733904188,-0.01846101906544151,-0.014224978253572995,-2.632934018175792,,
河北省,邯郸市,Type II Large City,0.0,0.0,0.0,0.0,9447506.5,0.0,0.0,0.0,0.0,0.0,0.0,6.945196420315853,0.434348008100063,0.3604295988370476,0.2409566419563933,11.525644598316706,,14.237099755224762,0.05659034884368541,-0.011471321310090876,-0.01717376881644278,-0.010971205222992803,-0.8749037348089246,,-3.6601565789114474
河南省,三门峡市,Small City,0.0,0.0,0.0,0.0,2308888.5,0.0,0.0,0.0,0.0,0.0,0.0,12.53014299591824,0.3842350470474436,0.3185636533489212,0.2421054050704613,19.147163105271783,,74.31047741055967,1.267076704109158,-0.050197313681102584,-0.06997605167516496,-0.045391079961242586,-3.720527858924484,,
河南省,信阳市,Medium-sized City,1500.0,0.0,0.0,0.0,6296775.5,1500.0,0.0,1500.0,2.3821716368957415,0.0,2.3821716368957415,0.0,0.7775778392291766,1.3247238408457973,0.7162213187021296,68.01481828169807,,,0.0,-0.19857714595153064,-2.2562866169078646,-0.2546852277842534,-28.860482766258812,,
河南省,南阳市,Medium-sized City,3930.0,0.0,0.0,0.0,10623488.0,3930.0,0.0,3930.0,3.6993499686731894,0.0,3.6993499686731894,8.864112745948702,0.5719106320030365,0.6118721211376569,0.3978686889711047,28.06509282396963,,,3.3667942346351216,-0.02279015084697944,-0.05648227531758876,-0.03341296717643866,-3.5258414276089844,,
河南省,周口市,Medium-sized City,2600.0,0.0,0.0,0.0,9170790.0,2600.0,0.0,2600.0,2.8350883620713154,0.0,2.8350883620713154,2.979573014102032,0.5010081025614735,0.4688629466470519,0.3188316233993649,22.35114793337454,,,2.2265533831930657,-0.07737091583395828,-0.13493750934975074,-0.05809585901426084,-2.7083163879779057,,
河南省,商丘市,Medium-sized City,0.0,0.0,0.0,0.0,7579387.5,0.0,0.0,0.0,0.0,0.0,0.0,1.8723680973052976,0.4504510597457356,0.3960998119166587,0.2777886179997885,19.9695472063078,,1328.3117023362977,0.10647511482238747,-0.01140288798015987,-0.01535156865652959,-0.008719774890739607,-0.367797248031124,,
河南省,安阳市,Medium-sized City,0.0,0.0,0.0,0.0,5367311.0,0.0,0.0,0.0,0.0,0.0,0.0,11.470123617688596,0.332031620500487,0.1997922302275997,0.1210164299877242,2.058581963934132,9.506310620279825,4.144365145458463,0.46968266639047407,-0.00646096870950591,-0.01058029747909589,-0.008482873857672088,-0.7945843807027693,-0.4062450853149624,-0.27257003622377773
河南省,平顶山市,Medium-sized City,0.0,0.0,0.0,0.0,5048438.0,0.0,0.0,0.0,0.0,0.0,0.0,9.750782713933583,0.3031010018443536,0.1682682279614192,0.1051207699302322,2.080308692366968,6.412055196331878,3.240662490505618,-0.018050810684131946,-0.03234167995555659,-0.04283618794803781,-0.0320723217130712,-1.9699905587343975,-5.133049398545228,-0.8654135441640243
河南省,开封市,Type II Large City,0.0,0.0,0.0,0.0,4668099.0,0.0,0.0,0.0,0.0,0.0,0.0,7.685722240426369,0.5009918192021258,0.4382660537506657,0.2700028808178636,12.486803394022086,,14.48156176245897,-0.6433540286673125,-0.0061899393954854,-0.019036734238479625,-0.017117016261189888,-1.2603396002705747,,-9.693476108972373
河南省,新乡市,Type II Large City,1600.0,0.0,0.0,0.0,5878320.0,1600.0,0.0,1600.0,2.72186611140598,0.0,2.72186611140598,14.426132063607913,0.3608810379977324,0.2345288768887351,0.1461802427092527,3.969828704541933,12.784349758935155,3.6442816753518974,1.6432677371721152,-0.007711880597993992,-0.02464832121081187,-0.020328699901637187,-2.671490141626279,-15.296486268516778,-0.31927487160667
河南省,洛阳市,Type II Large City,0.0,0.0,0.0,0.0,6795881.5,0.0,0.0,0.0,0.0,0.0,0.0,10.121718602198468,0.335410762795672,0.2544017266911044,0.1891927521729109,12.283710855004244,,5.483006918512395,0.12470523341968054,0.003088137443074901,0.0020437371977093943,0.0008303943762112964,0.7212923053795439,,-0.021623444284450954
河南省,漯河市,Medium-sized City,0.0,0.0,0.0,0.0,2646873.5,0.0,0.0,0.0,0.0,0.0,0.0,5.675722738910962,0.3345589058144652,0.1788361496439084,0.0914849950096463,0.258639389944768,5.115073440294277,3.292128319748615,0.954765869969247,0.024737347892889783,0.018481846589090606,0.007069944741802392,-0.34583105668211,0.12624303069081488,0.8631285364805419
河南省,濮阳市,Medium-sized City,0.0,0.0,0.0,0.0,3695082.5,0.0,0.0,0.0,0.0,0.0,0.0,8.089582991856402,0.2639178573661235,0.1612511202013549,0.1214764005754367,7.954041130267364,9.468554593190907,2.441130832944509,-0.08501951668852037,-0.027879472514980574,-0.023905353748429697,-0.014450775391699297,-0.5371874367498259,-4.140126193390504,-0.5291067435537977
河南省,焦作市,Medium-sized City,0.0,0.0,0.0,0.0,3622641.5,0.0,0.0,0.0,0.0,0.0,0.0,9.86932003954534,0.3731583986116932,0.2265890424290745,0.1097307310685304,0.0441737183206703,6.073667741517994,3.5693852053358017,0.669904687607346,0.01985971873355441,0.013173176335813497,0.004317023279388307,-0.3943568796761018,0.41407131351118576,0.950576646552828
河南省,许昌市,Medium-sized City,0.0,0.0,0.0,0.0,4419743.5,0.0,0.0,0.0,0.0,0.0,0.0,9.082453461849328,0.3530235129651268,0.2123571891590003,0.1195738517318504,0.5443873375305781,8.059039391604172,4.230210764376484,-0.27641664852200876,-0.00949530109655139,-0.014165068124265212,-0.011022723420337999,-1.3391859443921355,-0.4430076727950265,-0.7918078062210077
河南省,郑州市,Super City,0.0,500.0,0.0,0.0,9065151.5,0.0,500.0,500.0,0.0,0.5515627620784938,-0.5515627620784938,39.23164634893436,0.2194622251527771,0.0983883302812189,0.0580315663016886,0.0168933000885521,3.9030464550437856,2.094584010021754,0.3002525963748255,-0.00836759539958748,-0.010100372278639191,-0.007758613335847903,-0.024024821677943804,-0.4677306628674156,-0.06896410340340298
河南省,驻马店市,Small City,1500.0,0.0,0.0,0.0,7451222.5,1500.0,0.0,1500.0,2.0130924824751912,0.0,2.0130924824751912,3.7113308715820312,0.5411647904384691,0.5422837336853426,0.3536505367774063,22.53476575892105,,,2.4138490916049387,-0.05280209350707654,-0.11505338850340685,-0.06488681411635339,-7.42069703917894,,
浙江省,丽水市,Small City,0.0,0.0,0.0,0.0,2185083.0,0.0,0.0,0.0,0.0,0.0,0.0,16.223906141695732,0.5003542388135739,0.4837439058007488,0.3333296828670884,24.41548193714636,,,0.8548319758746565,-0.009891002496317913,-0.01181996541272351,-0.005408069441294072,-0.35293136661896796,,
浙江省,台州市,Type II Large City,0.0,0.0,0.0,0.0,6145987.5,0.0,0.0,0.0,0.0,0.0,0.0,7.340216194022538,0.2900197111027559,0.1630388915602827,0.1011364905994398,1.9707007188441863,8.092238634192247,3.145015549611114,-0.052930974871342684,-0.009591953323233648,-0.009646882001102697,-0.005580318219243902,-0.07706237449093845,-0.9082798848835676,-0.17245064245300457
浙江省,嘉兴市,Medium-sized City,0.0,0.0,200.0,0.0,4617185.0,0.0,-200.0,-200.0,0.0,-0.43316436313468054,0.43316436313468054,11.858315982280086,0.3428536160067563,0.1842543246956306,0.0936796014995788,0.0,5.647614721799814,3.770319469310625,-0.19707387344521798,0.0011912698702645774,0.0006868072741794129,0.000287050934666494,-0.0528267519010579,0.03668282270730927,0.14606953992170357
浙江省,宁波市,Type I Large City,0.0,0.0,0.0,0.0,7813113.5,0.0,0.0,0.0,0.0,0.0,0.0,12.59277684354184,0.291344612514186,0.1744855980622318,0.1203206983519782,5.766638682688539,6.136401841431952,3.26755675512324,-0.12645421711152238,-0.014872805331964722,-0.015912254731381498,-0.00884123543226159,-0.04931335370824552,-1.4965566865461843,-0.4550426385578872
浙江省,杭州市,Super City,0.0,0.0,0.0,0.0,8950766.5,0.0,0.0,0.0,0.0,0.0,0.0,33.18167656869888,0.2570509218342782,0.1781564874008174,0.1316698418087705,5.30469123787948,24.944966136706643,2.838700946958101,-0.8085812799683083,-0.005597574286898832,-0.004777404012979297,-0.00227310728085639,0.32101393129292966,2.9124243674255545,-0.23937359887618026
浙江省,温州市,Type II Large City,1000.0,0.0,472.0,0.0,9385727.0,1000.0,-472.0,528.0,1.0654475673541326,-0.5028912517911506,1.5683388191452832,15.636848388187174,0.2465997751148906,0.1554857180565897,0.1180705889813622,7.257899158770166,11.635154277091896,2.2552187780731923,0.8183956636310139,-0.009619063031039293,-0.0072996314487301095,-0.0043033727695479945,-0.040270868322594744,-4.721068322386781,-0.1752085503500318
浙江省,湖州市,Medium-sized City,0.0,0.0,0.0,0.0,2973908.0,0.0,0.0,0.0,0.0,0.0,0.0,11.046038354204931,0.3505319158822545,0.2031723840474352,0.1151470365811149,2.080809021495496,6.934101998778476,3.482916268533392,0.19412693502506784,-0.006503601671306591,-0.010048773330254196,-0.007999611954263505,-0.7208107287373169,-0.330943372796356,0.12345860815846121
浙江省,绍兴市,Type II Large City,0.0,0.0,0.0,0.0,5116780.0,0.0,0.0,0.0,0.0,0.0,0.0,12.642230408144089,0.3694185647088084,0.2265528846430088,0.1230304160358672,0.3156745397249291,8.000951433745184,5.151832597524836,-0.1156407450809187,-0.002692451706197696,-0.00428393920339451,-0.0024537606159525105,-0.021623963668538082,0.09806420121506854,-0.04826301127514032
浙江省,舟山市,Medium-sized City,0.0,0.0,0.0,0.0,1052133.0,0.0,0.0,0.0,0.0,0.0,0.0,18.355796541351253,0.1487619583043087,0.0456447723575939,0.0254655620588991,0.1369271981603963,2.7679695999126537,1.4643153070595536,-0.7941333205522092,0.00018670880208129792,-0.000717525420064799,-0.0005447071856716987,0.0002203006067353075,0.03305976065155347,0.029528281087853436
浙江省,衢州市,Medium-sized City,0.0,0.0,0.0,0.0,2188386.5,0.0,0.0,0.0,0.0,0.0,0.0,8.047634363174438,0.3172558134581249,0.1808857173640799,0.1107184428172185,2.4048458671623703,7.665717112511156,3.591111745338681,0.0678483046073568,0.011659179099170747,0.0022735291641466093,-0.003727659527429192,-0.9127932871027178,-0.2568270584552925,0.0672664042688198
浙江省,金华市,Medium-sized City,0.0,1178.0,0.0,0.0,5542643.5,0.0,1178.0,1178.0,0.0,2.125339650655865,-2.125339650655865,9.382947754983071,0.3270730890471173,0.2007404213181664,0.127769717986647,3.1720401344299134,13.9991000943661,3.0951022798783483,2.138702972626043,-0.018532578574025294,-0.017646664578903487,-0.006054741071043007,0.1409463775404891,2.098871836335169,-0.1578200208750502
海南省,三亚市,Medium-sized City,0.0,0.0,0.0,0.0,693125.5,0.0,0.0,0.0,0.0,0.0,0.0,34.8418958813987,0.066891981707287,0.0119252659077932,0.0063737595786624,0.0071913680570937,1.4320695221042743,1.2316891719494287,-2.208248892492584,0.021951290844987696,0.003299690043365,0.0015510921445453995,-4.480470218920073e-05,0.12549602214586653,0.17594665555265343
海南省,海口市,Type II Large City,0.0,0.0,0.0,0.0,2112851.5,0.0,0.0,0.0,0.0,0.0,0.0,38.6971545467487,0.0888037375643984,0.0272516251538808,0.0162739017653653,0.0,1.5849452807758782,1.2196555538112177,0.6322413318245168,0.007034182218820503,0.005433195328107699,0.0027507270557893,-0.0792121935673452,0.07385724244237224,0.018008854067558477
海南省,琼海市,Small City,0.0,0.0,0.0,0.0,500158.0,0.0,0.0,0.0,0.0,0.0,0.0,4.535380425192827,0.3119549670381373,0.1756699959029065,0.0814870617042552,0.1371184703583896,3.3819709680707413,2.23291422839878,-0.13002943900889274,0.00905590087701269,0.011075249764404299,0.005093829251360191,-0.021444319707671522,0.12654321152762948,0.024941586776559
湖北省,仙桃市,Small City,0.0,0.0,0.0,0.0,1206737.0,0.0,0.0,0.0,0.0,0.0,0.0,7.8124494552612305,0.3914692577886722,0.2542616671669545,0.1368930503036861,0.0,11.21987212914544,6.187221980067558,1.224102653658953,-0.003330857264152609,-0.0006798854230000151,0.0031224389540486785,0.0,1.076612379622535,0.8685499422500476
湖北省,十堰市,Type II Large City,0.0,0.0,0.0,0.0,3447998.5,0.0,0.0,0.0,0.0,0.0,0.0,2.1342078661657733,0.5946997167634516,0.7667648142605598,0.5169364518339912,47.000335624351145,,,-3.786795519883467,-0.0075925168422621425,0.0021174556761002217,0.004513065903137603,0.6393668721836079,,
湖北省,咸宁市,Small City,0.0,0.0,0.0,0.0,2536162.5,0.0,0.0,0.0,0.0,0.0,0.0,4.074040880281392,0.513210743019008,0.4917415604231855,0.3249664118426655,22.719989551423243,,,-0.05428822917372589,-0.005518085608099521,-0.01381927352306056,-0.01392724887804131,-2.7263119908127784,,
湖北省,天门市,Small City,0.0,380.0,0.0,0.0,1449374.5,0.0,380.0,380.0,0.0,2.6218206543581384,-2.6218206543581384,9.604327201843262,0.231843972821281,0.0979910129367267,0.055967577441215,0.048463653980525,3.504646164808153,2.286928985701484,1.3638407767648122,-0.001148618175073196,0.0009331317377964943,0.0008530655577861992,0.0009570258723675951,-0.03803351724382287,0.00390109337213973
湖北省,孝感市,Medium-sized City,0.0,0.0,0.0,0.0,4961630.0,0.0,0.0,0.0,0.0,0.0,0.0,2.8093180602727896,0.5971080400516812,0.6280724506019504,0.3634814416396492,17.834370472598916,,119.44590157494964,0.47136062602151485,-0.03873281691821295,-0.09656407406306111,-0.04975253841914673,-4.159465110866467,,
湖北省,宜昌市,Type II Large City,1345.0,0.0,0.0,0.0,4179967.0,1345.0,0.0,1345.0,3.2177287524040263,0.0,3.2177287524040263,22.567109297862096,0.4118209405310635,0.3725886256331239,0.2829694570766735,23.691485385452204,,,4.982132793632843,-0.033293726297330406,-0.03258524190388279,-0.0061855978582529,3.487542697991703,,
湖北省,恩施土家族苗族自治州,Small City,0.0,0.0,0.0,0.0,3378014.5,0.0,0.0,0.0,0.0,0.0,0.0,5.148519070524919,0.6590947247270984,0.8262761184704361,0.506177276130392,39.53548645807688,,,-8.378611685300399,0.12352623155298537,0.27713627944731645,0.13244704789319378,12.883365682597201,,
湖北省,武汉市,Super City,1550.0,0.0,55.0,0.0,10128854.5,1550.0,-55.0,1495.0,1.530281632538013,-0.05430031599328433,1.5845819485312975,43.361268663659466,0.1537428394140698,0.0795377773573485,0.0548026749008194,0.3054354164173661,2.95154298175749,1.4643638411625874,1.4282851021635494,-0.0014036447675223052,-0.001990171546602304,-0.0023334442680477963,-0.20549750446334397,-0.06536883932735327,0.0028934387435335385
湖北省,潜江市,Small City,0.0,0.0,0.0,0.0,972435.5,0.0,0.0,0.0,0.0,0.0,0.0,12.123065948486328,0.3293562851623298,0.193220665749921,0.1172369496263957,2.721211436320488,9.170989526574624,3.2117366511671,2.760504259127325,-0.048378086216586125,-0.056965718415529304,-0.028120494244166586,0.015136896519915233,-7.515255258333569,-0.9160603298934502
湖北省,荆州市,Medium-sized City,0.0,0.0,0.0,0.0,5874380.0,0.0,0.0,0.0,0.0,0.0,0.0,5.673644142921525,0.586954980722523,0.6247857599201753,0.3893157098614281,24.07408130314225,,,0.07793622204010653,-0.011143423085066884,-0.02713354581101246,-0.014358443378057584,-1.0999652801323094,,
湖北省,荆门市,Medium-sized City,0.0,0.0,0.0,0.0,2969696.5,0.0,0.0,0.0,0.0,0.0,0.0,18.31924191555181,0.441897720301678,0.3387808484734044,0.1969566777310044,3.522803758447083,18.870160103118224,9.249392626078162,0.22849554703052988,-0.026460260851474793,-0.04217480007084723,-0.025286423132430902,-1.2426355864482033,-4.767721503423857,-1.3519247407716577
湖北省,襄阳市,Type II Large City,0.0,0.0,0.0,0.0,5648595.5,0.0,0.0,0.0,0.0,0.0,0.0,10.613909457784509,0.4741735157667635,0.4331937690682786,0.2984098234819258,19.9490196915942,,5380.456350280979,2.036039088826989,-0.08320863767790176,-0.1556462379096643,-0.08891167228323993,-6.34299550726848,,
湖北省,鄂州市,Small City,0.0,0.0,0.0,0.0,1050539.0,0.0,0.0,0.0,0.0,0.0,0.0,26.8671893761132,0.2312471987697475,0.1334522887022392,0.0954748330026509,3.27899312332963,10.280629096924388,1.990608995003489,3.0444799324116687,-0.012696634307966387,-0.010899549301895378,-0.008923914265577593,-1.4014054681951817,-3.2912633149509603,-0.1748133994177048
湖北省,随州市,Small City,1500.0,0.0,0.0,0.0,2232381.0,1500.0,0.0,1500.0,6.719283133121094,0.0,6.719283133121094,7.764109414585388,0.4049192980361074,0.3348059728564474,0.2396519022483667,15.990004905430718,,12.116524867552586,6.206756275661743,-0.10487986527057092,-0.20271942935243314,-0.13837522421518783,-14.505695049470978,,
湖北省,黄冈市,Small City,0.0,0.0,0.0,0.0,6367627.5,0.0,0.0,0.0,0.0,0.0,0.0,0.134801650829757,0.7945845693965394,1.28627999916849,0.6480552380524377,46.36069480902831,,,0.03737455833717661,-0.006172573400992976,-0.0299428117799716,-0.0071506607851195,-0.1559155984910916,,
湖北省,黄石市,Medium-sized City,810.0,0.0,0.0,0.0,2518442.5,810.0,0.0,810.0,3.2162735500214916,0.0,3.2162735500214916,9.407068252563477,0.3972262600118309,0.304075507481576,0.2036024243192895,8.97653145741249,157.11518116198565,7.433885694574482,1.6587481498718262,-0.030081677159585873,-0.03796111585096057,-0.025472526659670425,-3.0809122101766064,,-1.6135508240318632
湖南省,岳阳市,Type II Large City,1500.0,0.0,0.0,0.0,5661765.0,1500.0,0.0,1500.0,2.6493505117220515,0.0,2.6493505117220515,5.608409889347769,0.5837005708221679,0.6475546956631127,0.41617470105564,25.979619179856662,,,1.2993474377650802,0.006162652138713809,0.014119473449889952,0.004000361247520179,-2.1139953096395985,,
湖南省,常德市,Medium-sized City,0.0,0.0,0.0,0.0,5881644.0,0.0,0.0,0.0,0.0,0.0,0.0,2.649784564971924,0.5562529920380921,0.5969351304761502,0.4026350452707268,31.706339282896806,,,0.3813647539380982,-0.03104694093778071,-0.06981921335980046,-0.035932660564113705,-2.674629617566346,,
湖南省,张家界市,Small City,0.0,0.0,0.0,0.0,1528719.5,0.0,0.0,0.0,0.0,0.0,0.0,1.7840471267700195,0.5934972449325495,0.6930491696574493,0.4551451059639678,36.16965849186938,,,-0.22673619070718454,0.009233556299200196,0.03042457783519059,0.026700602795210915,5.696162583764821,,
湖南省,怀化市,Medium-sized City,1200.0,0.0,0.0,0.0,4883344.0,1200.0,0.0,1200.0,2.45733251640679,0.0,2.45733251640679,0.386280005762433,0.6774701357022423,0.9222743563571922,0.5641648486653943,48.40812942213218,,,-1.6226774493789788,0.019121221402670585,0.0835104211915012,0.04852325417953374,8.009111157202923,,
湖南省,株洲市,Type II Large City,0.0,0.0,0.0,0.0,3993000.5,0.0,0.0,0.0,0.0,0.0,0.0,7.125340461730957,0.5508704809388234,0.5744672813709393,0.3692346994728046,22.46398467633833,,,0.647070655506619,-0.01719145514046605,-0.041727166594832776,-0.027193714398513036,-3.3163067905724404,,
湖南省,永州市,Medium-sized City,0.0,0.0,0.0,0.0,5357268.5,0.0,0.0,0.0,0.0,0.0,0.0,7.021948337554932,0.5232514306324195,0.5426912571207828,0.3799901720842523,31.2648058636715,,,5.498322970464089,-0.10616415096739018,-0.25805529589204423,-0.13882730425988637,-13.919482543472146,,
湖南省,湘潭市,Medium-sized City,0.0,0.0,0.0,0.0,2815403.0,0.0,0.0,0.0,0.0,0.0,0.0,10.529007416014458,0.4642364422616736,0.3740143912195361,0.2240799815959713,6.191810257765897,37.16531570722941,10.160101715183217,-3.353198547120307,0.021523720742321784,0.0029953405644037034,-0.011940832457154188,-2.3963423546776204,-50.35235020446001,-3.0885291167913618
湖南省,湘西土家族苗族自治州,Small City,1400.0,0.0,0.0,0.0,2624880.5,1400.0,0.0,1400.0,5.333576138037523,0.0,5.333576138037523,3.8813410997390743,0.6207706805326548,0.7437874594647037,0.4795852213593964,39.4081271346773,,,1.881075263023376,0.046996981561086115,0.11569354329801551,0.062187222649879026,4.70924593684466,,
湖南省,益阳市,Medium-sized City,0.0,0.0,0.0,0.0,4476079.0,0.0,0.0,0.0,0.0,0.0,0.0,1.229551239069118,0.6788971058956073,0.8798219178584004,0.5285910233818563,43.21102346460671,,,1.229551239069118,-0.045303194972635685,-0.15473814431580446,-0.06848213020263572,-6.971753374534906,,
湖南省,衡阳市,Type II Large City,0.0,500.0,0.0,0.0,7360097.0,0.0,500.0,500.0,0.0,0.6793388728436595,-0.6793388728436595,13.018928833894952,0.4033775373651012,0.3230667960824396,0.228870638968645,13.831867481620044,,10.205082406061043,0.23655930243636192,-0.028316130006519225,-0.04230865052460292,-0.022909167916152995,2.5639126979273783,,-15.625448978694186
湖南省,邵阳市,Medium-sized City,0.0,0.0,0.0,0.0,7295791.0,0.0,0.0,0.0,0.0,0.0,0.0,3.8503143563275968,0.5319728893009068,0.5829737330372758,0.4088838156478436,34.59253638298859,,,0.039579542883912744,-0.01535450172420949,-0.024695211658800176,-0.0109242369113694,-0.4582440660887528,,
湖南省,郴州市,Medium-sized City,1200.0,0.0,0.0,0.0,4731457.5,1200.0,0.0,1200.0,2.5362163773002293,0.0,2.5362163773002293,9.200764595763852,0.5119185108732237,0.4976998210812514,0.33963867201102,23.676149470059205,,,6.983201404670192,-0.1417795954439135,-0.3283933546005818,-0.1768004431521007,-19.456030066611337,,
湖南省,长沙市,Super City,800.0,0.0,215.0,0.0,7268295.0,800.0,-215.0,585.0,1.100670790054614,-0.2958052748271775,1.3964760648817915,39.3573392658959,0.2609292109341382,0.1511667325409891,0.1021677935053959,2.753549737529564,5.965067071708963,2.716953387326516,-1.945126532443318,-0.002091168332825133,-0.016923763332509195,-0.021171950960626296,-3.315137665737077,-9.441397699300943,0.014256751088133512
甘肃省,兰州市,Type II Large City,50.0,0.0,0.0,0.0,3730238.0,50.0,0.0,50.0,0.13403970470516893,0.0,0.13403970470516893,42.08674951501795,0.2313981484240104,0.1892247665738375,0.1584980682717627,12.961319765553633,,2.459917893328406,-0.9537330413170793,-0.009122412260398394,-0.008135002779105116,-0.00650177161915641,-0.5827984161543789,,-0.10109566590428187
甘肃省,天水市,Medium-sized City,0.0,0.0,0.0,0.0,3360314.0,0.0,0.0,0.0,0.0,0.0,0.0,8.222429153108967,0.5107453098867981,0.5093116451063493,0.3517520208430611,26.833507187509387,,,0.3096881800374298,-0.005114091466690729,-0.007198987097740139,-0.0033676050978488914,-0.22595035674621045,,
甘肃省,定西市,Small City,0.0,0.0,0.0,0.0,2783002.5,0.0,0.0,0.0,0.0,0.0,0.0,0.0,0.7193083492850558,1.0237782025798243,0.5994302500802822,53.60645897414015,,,0.0,-0.0025396710747933593,-0.0139715795944233,-0.008003316462754873,-1.2109598461621474,,
甘肃省,平凉市,Small City,0.0,0.0,0.0,0.0,2135021.5,0.0,0.0,0.0,0.0,0.0,0.0,0.0,0.7107291690027657,1.0767894788473171,0.6383063226770578,59.54016962536409,,,0.0,-0.017803080168932395,-0.06336328328569762,-0.021854791533933993,-2.5722760749795484,,
甘肃省,庆阳市,Small City,0.0,0.0,0.0,0.0,2271069.5,0.0,0.0,0.0,0.0,0.0,0.0,2.839929791057811,0.6256590097002757,0.7927083775612176,0.5177821492724526,45.91667947136905,,,-2.5058709258797407,0.030281205573214454,0.06480808781286151,0.028896372264257786,2.4834182699975713,,
甘肃省,张掖市,Small City,0.0,350.0,0.0,0.0,1237550.5,0.0,350.0,350.0,0.0,2.828167416198369,-2.828167416198369,8.262655831955291,0.4912450605505186,0.5180374536451853,0.3760213681900465,32.52311131058233,,,3.1322464124187004,-0.011154395436052178,-0.016516670984552673,-0.009005465777633725,-0.840177783305883,,
甘肃省,武威市,Small City,0.0,0.0,0.0,0.0,1870645.0,0.0,0.0,0.0,0.0,0.0,0.0,12.827413074672222,0.4579680554293995,0.4879247396706205,0.3684199414981955,33.64378265127993,,,0.3596345023700813,-0.009824986969189486,-0.01220047449770717,-0.006840317196285972,-0.6909007308195285,,
甘肃省,酒泉市,Small City,0.0,0.0,0.0,0.0,1130588.5,0.0,0.0,0.0,0.0,0.0,0.0,0.0,0.6670923606943774,0.9728796455464817,0.6071882828564772,58.06921598665104,,,0.0,-0.007198076551388932,-0.017127267657180756,-0.0061006761589728065,-0.7203229672798344,,
福建省,三明市,Small City,0.0,0.0,0.0,0.0,2587603.0,0.0,0.0,0.0,0.0,0.0,0.0,0.7205448927404193,0.6672280930584251,0.8960072190551605,0.553512709889789,46.63967324044911,,,-0.5937350281928048,0.004369230156826109,0.022325127816553714,0.013452908219066306,4.025288536381424,,
福建省,南平市,Small City,0.0,0.0,0.0,0.0,2727309.0,0.0,0.0,0.0,0.0,0.0,0.0,0.0,0.7924368521648182,1.3450290423334108,0.7140651629993189,66.99959787734858,,,0.0,-0.010352897323514743,-0.0607584549435527,-0.018664268054564004,-2.289990937552531,,
福建省,厦门市,Type I Large City,0.0,0.0,0.0,0.0,3590587.5,0.0,0.0,0.0,0.0,0.0,0.0,22.004682025218923,0.0511125711856741,0.0060335576257142,0.003316300579258,0.0165108622261821,1.2382341426262105,1.1317557056467884,2.0754245551932335,0.00031623028584209373,-0.0008405387521975994,-0.0005174709218052002,-0.0010676980590864013,-0.020101920613012636,0.008012074427622418
福建省,宁德市,Small City,0.0,0.0,0.0,0.0,2834757.5,0.0,0.0,0.0,0.0,0.0,0.0,3.612232700268172,0.5886585443390717,0.711678333883748,0.4767590137625351,40.826205212471365,,,0.6809033410892149,-0.020793648966662248,-0.04727074758032468,-0.020736077477259807,-1.7625264695711564,,
福建省,泉州市,Type II Large City,2890.0,0.0,0.0,0.0,8429955.0,2890.0,0.0,2890.0,3.4282508032367907,0.0,3.4282508032367907,8.954155511419538,0.3108630744809579,0.2068414768411488,0.1538226310466581,9.274191306253105,183.42687610985195,2.543701260843723,3.10499093723375,-0.041900120480759806,-0.0305753469835372,-0.01055757113071909,0.005665321887626362,49.08556744169394,-0.8222757488742456
福建省,漳州市,Medium-sized City,560.0,593.0,0.0,0.0,4950019.5,560.0,593.0,1153.0,1.1313086746425949,1.1979750786840335,-0.06666640404143864,3.114248650414603,0.5856967303959937,0.6858798430753966,0.4495668270129974,34.16855812453385,,,1.5389089575835633,-0.028503334243128897,-0.07250545208651371,-0.03771203883816221,-4.40022886445351,,
福建省,福州市,Type I Large City,0.0,600.0,0.0,0.0,7291522.5,0.0,600.0,600.0,0.0,0.8228734122400362,-0.8228734122400362,29.223555230288685,0.2829579086286206,0.1922525363187363,0.140360598261529,6.907086649522945,28.41513491237529,3.162788095390084,0.7044516464122772,-0.019810702078090214,-0.022335802424251122,-0.016841952995217402,-1.8311668733380149,-24.6690992490299,-1.0566116316766108
福建省,莆田市,Type II Large City,0.0,0.0,0.0,0.0,2850032.0,0.0,0.0,0.0,0.0,0.0,0.0,10.908770555188983,0.1670929271975475,0.0522920610735255,0.0302141346809631,0.4079054647504873,2.096952412125244,1.6759681359516565,0.5480466868713574,-0.013321497781540986,-0.019669064068907095,-0.0178152407438894,-1.4241358370993566,0.09286130235198531,0.1631060402864295
福建省,龙岩市,Medium-sized City,0.0,0.0,0.0,0.0,2642341.5,0.0,0.0,0.0,0.0,0.0,0.0,3.008350372314453,0.6117132540306983,0.7471560591807924,0.486068658359941,40.910493191993744,,,0.4976267699272401,-0.013913440922849296,-0.03747369209161755,-0.019336354155479796,-2.1514199290605376,,
西藏自治区,山南市,Small City,206.0,0.0,0.0,0.0,1046816.5,206.0,0.0,206.0,1.9678711598451113,0.0,1.9678711598451113,0.0,0.8983037412348273,2.1039377900702823,0.8706494158569745,85.79111398274486,,,0.0,-0.0808895077014089,-1.5742805788528411,-0.10236889167673147,-11.185431191876944,,
西藏自治区,拉萨市,Medium-sized City,373.0,0.0,0.0,0.0,577744.0,373.0,0.0,373.0,6.456146667035919,0.0,6.456146667035919,48.12714963081555,0.3609707074808795,0.3709447778372857,0.2962141798687622,27.025836910760603,,,9.343759185188894,0.00418958453190571,0.007890352607090312,0.007021017824434872,0.9221647698292266,,
西藏自治区,日喀则市,Small City,571.0,0.0,0.0,0.0,726219.0,571.0,0.0,571.0,7.862641985406606,0.0,7.862641985406606,0.0,0.8135849096624524,1.5339864173849762,0.7752641174070087,75.97911119594308,,,0.0,0.8135849096624524,1.5339864173849762,0.7752641174070087,-24.020888804056924,,
西藏自治区,林芝市,Small City,300.0,0.0,0.0,0.0,524264.5,300.0,0.0,300.0,5.722302387439927,0.0,5.722302387439927,0.0,0.9145385016647282,2.319342967465507,0.8965012198384323,88.5537010421433,,,0.0,0.9145385016647282,2.319342967465507,0.8965012198384323,-11.446298957856698,,
贵州省,六盘水市,Medium-sized City,0.0,0.0,0.0,0.0,2932969.5,0.0,0.0,0.0,0.0,0.0,0.0,7.946214003193659,0.5140065712210309,0.5735828094722007,0.3987274118644702,33.71039429453055,,,3.9097713482713248,-0.021476066077774414,-0.10601641716686294,-0.0866450903192898,-13.269835474713787,,
贵州省,安顺市,Medium-sized City,0.0,0.0,0.0,0.0,2358848.0,0.0,0.0,0.0,0.0,0.0,0.0,11.679445957869628,0.453193005282976,0.3986176873839521,0.2800783674917224,19.203396089612557,,129.23068169164972,-0.8045439794094271,0.0262576060879694,0.018108632429189586,0.0004968884015867925,-0.9868314501220432,,
贵州省,毕节市,Medium-sized City,0.0,0.0,0.0,0.0,6744938.0,0.0,0.0,0.0,0.0,0.0,0.0,0.1203284363036244,0.6604531188374146,0.8791707642097142,0.5529051050347046,48.78138364080545,,,-0.7852326615842024,0.028054376749785948,0.06668708618279318,0.027885979682261697,3.2901319784444,,
贵州省,贵阳市,Type I Large City,0.0,415.0,0.0,0.0,4471148.0,0.0,415.0,415.0,0.0,0.9281732566222366,-0.9281732566222366,34.82441514389444,0.1941147097144698,0.1329868274737074,0.1088808263280178,7.400535022608573,10.999393365202474,1.651161244708572,0.7370571625772797,-0.008540263930248482,-0.010376558780574502,-0.004777930454018309,0.4345450297373432,-2.4318997367165753,-0.09648046774710117
贵州省,遵义市,Type II Large City,0.0,0.0,49.0,0.0,6316332.0,0.0,-49.0,-49.0,0.0,-0.0775766694974235,0.0775766694974235,2.3589038848876958,0.6165685147392912,0.7721956804264795,0.5068082494157965,44.06028706124496,,,-0.21370821584384903,0.004871387831940854,0.010963683921708212,0.005930667114997457,0.9266505173500548,,
贵州省,铜仁市,Small City,0.0,0.0,0.0,0.0,3181952.5,0.0,0.0,0.0,0.0,0.0,0.0,0.0,0.7993529185948411,1.395423537449689,0.731260352034395,69.22344016808178,,,0.0,0.0023389056134233144,0.00965434420421274,0.001953804760760125,0.16031259503228057,,
贵州省,黔东南苗族侗族自治州,Small City,0.0,0.0,0.0,0.0,3592371.5,0.0,0.0,0.0,0.0,0.0,0.0,0.0,0.7652911090983516,1.1990688188554317,0.6545424900599985,56.243114543722136,,,0.0,0.02913940541692328,0.08381098585769253,0.016297168257233263,-0.3506771711235501,,
贵州省,黔南布依族苗族自治州,Small City,0.0,0.0,0.0,0.0,3341140.5,0.0,0.0,0.0,0.0,0.0,0.0,5.236059665679932,0.644292629484716,0.7966368973169443,0.5025601754150917,41.22650066123018,,,0.4774055480957031,-0.026726312750447345,-0.05092900560467728,0.0011808380828937093,7.576372858913771,,
贵州省,黔西南布依族苗族自治州,Small City,1700.0,0.0,0.0,0.0,2897265.5,1700.0,0.0,1700.0,5.867601709266894,0.0,5.867601709266894,1.171340361678049,0.6574921618688889,0.8746800461904325,0.5443867711896457,44.36386609188208,,,1.171340361678049,-0.06399637850782347,-0.2148167783445487,-0.08932791276506125,-11.869124150156537,,
辽宁省,丹东市,Medium-sized City,0.0,0.0,0.0,0.0,2507837.5,0.0,0.0,0.0,0.0,0.0,0.0,16.017827824018358,0.4193036197885713,0.3647039269182516,0.2572598116962606,16.155865855113976,,20.93728921939805,-0.019974697022654198,-0.0031320880135871088,-0.014029956823297107,-0.010635613620003204,-0.7756382566377411,,-13.637587475434078
辽宁省,大连市,Super City,0.0,0.0,0.0,0.0,6861194.5,0.0,0.0,0.0,0.0,0.0,0.0,28.028746638111837,0.4430116979546488,0.4678261039191778,0.3491835115497969,28.497050720853306,,,-0.1615431981040416,-0.00965510051288454,-0.014179730544298441,-0.007890478401399725,-0.4016014274159332,,
辽宁省,抚顺市,Type II Large City,0.0,0.0,0.0,0.0,2208156.5,0.0,0.0,0.0,0.0,0.0,0.0,21.81695543165664,0.3865639565884662,0.3589384475211522,0.2738244852226166,20.713033498703247,,,0.13610946116195066,0.00930848436057019,0.02366438044247221,0.013941936084911288,-0.6549704847872313,,
辽宁省,朝阳市,Medium-sized City,1200.0,0.0,0.0,0.0,3136683.5,1200.0,0.0,1200.0,3.8256967908939488,0.0,3.8256967908939488,2.2604237466874206,0.618259393311082,0.7852507091717442,0.517504599030367,46.81263146644749,,,1.1681723937215889,-0.011415049138394306,-0.0210604445930328,-0.007842376474036183,-1.0410859277466002,,
辽宁省,本溪市,Medium-sized City,0.0,0.0,0.0,0.0,1762535.0,0.0,0.0,0.0,0.0,0.0,0.0,19.061992912573587,0.4044012424352299,0.3927175235742167,0.3021382601000412,26.45166366117528,,,2.3547575762698756,-0.012371256939450681,-0.005508623846210314,-0.0018644131847426193,-0.014180697934403241,,
辽宁省,沈阳市,Super City,70.0,0.0,211.0,0.0,8366741.0,70.0,-211.0,-141.0,0.0836645953304877,-0.25218899449618437,0.33585358982667207,40.66600663092992,0.2193189070235575,0.1454895535084459,0.1046232900307798,3.629904818204178,8.446074577009956,2.409688712496953,-0.7070652125891641,0.0028185966922570083,0.000508200097652789,0.00031779449394750414,-0.11569863560561888,0.07770174021014142,-0.04382189920589896
辽宁省,盘锦市,Medium-sized City,0.0,0.0,0.0,0.0,1436579.0,0.0,0.0,0.0,0.0,0.0,0.0,17.570255500784143,0.1108008062375354,0.0359991497552072,0.0239063748301617,0.4460497490363551,1.6452310006675104,1.2891516011867354,-0.46399092066215886,0.0064666590134482005,0.004389072870531502,0.0020531512859132024,-0.4397292793955232,0.019698471633653902,0.012395341611458388
辽宁省,营口市,Medium-sized City,0.0,0.0,0.0,0.0,2510417.0,0.0,0.0,0.0,0.0,0.0,0.0,6.1627547928176005,0.4042639957383028,0.2883798254511305,0.1785189083591987,6.59065205747217,18.24275506961413,4.9759936935742015,0.757625084327672,-0.026446713236713604,-0.040207183345248476,-0.026953404813854193,-2.4405836875507507,-19.879537714616742,-0.9902256211787339
辽宁省,葫芦岛市,Medium-sized City,0.0,0.0,0.0,0.0,2704039.0,0.0,0.0,0.0,0.0,0.0,0.0,3.922252581479025,0.5691363227920623,0.6253712546090159,0.4109472953708872,30.652091604494323,,,0.553862233256504,-0.032604072904997894,-0.06527630766765424,-0.034699102416244576,-3.962395533947671,,
辽宁省,辽阳市,Medium-sized City,0.0,0.0,0.0,0.0,1931348.5,0.0,0.0,0.0,0.0,0.0,0.0,15.677810528661237,0.229228366418059,0.0894330185364331,0.0482648846022443,0.0689201352226556,3.457796210585312,1.9413042520673016,-0.07811436169399855,0.006124625034346187,0.0051735506925842945,0.0028858782092096996,0.009816649923679796,0.31363988412563115,0.05422420852519716
辽宁省,铁岭市,Small City,0.0,0.0,0.0,0.0,2808788.5,0.0,0.0,0.0,0.0,0.0,0.0,1.987040131165755,0.6488998171891572,0.7851192101200122,0.4667406843218371,31.00843605280127,,,-0.09606290690258845,0.0014972177435134126,0.0049117899634316675,0.0030122294265101934,0.4190263330566637,,
辽宁省,锦州市,Small City,0.0,0.0,0.0,0.0,3230482.5,0.0,0.0,0.0,0.0,0.0,0.0,16.040386199951172,0.4259215375632864,0.3754831614198916,0.2646081741534347,15.910519335266695,,44.80367264874467,-1.540517807006836,0.02102368573933916,0.025103441714957486,0.014080323829909092,0.6239049976258251,,17.618948934296156
辽宁省,阜新市,Medium-sized City,0.0,0.0,0.0,0.0,1874332.0,0.0,0.0,0.0,0.0,0.0,0.0,17.2090862539948,0.3986287584297183,0.384194359781485,0.2889121542964982,21.921039133146657,,,-0.6997596474944565,-0.015234054660541618,-0.02130961009817761,-0.012206096401918831,-0.780861678769206,,
辽宁省,鞍山市,Type II Large City,0.0,0.0,0.0,0.0,3752967.0,0.0,0.0,0.0,0.0,0.0,0.0,13.050900532619886,0.2886303164123723,0.2155800428799198,0.1628787550729393,9.09875117782113,92.6701020371372,3.9829158797794624,-0.19095241469001678,0.005863334271279108,0.0022303251588733086,0.0004378756050897048,-0.1303970316725973,-19.188839982952786,0.09927012225061294
重庆市,重庆市,Mega City,2515.0,0.0,0.0,0.0,29701745.0,2515.0,0.0,2515.0,0.8467515965812783,0.0,0.8467515965812783,9.074087754735409,0.500353780462885,0.4612740035209492,0.30263603702706,17.524173257112018,,60.57329537870298,-0.508988902270648,0.007564418785239557,0.008039347709303701,-0.0002510617640694157,-1.4452034469003365,,-79.64445261686394
陕西省,咸阳市,Type II Large City,0.0,650.0,0.0,0.0,5281719.0,0.0,650.0,650.0,0.0,1.2306599423407416,-1.2306599423407416,12.304817055499502,0.4399813512373132,0.3934830996796666,0.2825386126777367,19.186145936366557,,243.24640652839844,0.30944332960839027,0.0075454749713188,0.015527674673034897,0.011153811624029841,0.8364857138640609,,167.95346404844776
陕西省,安康市,Small City,0.0,0.0,0.0,0.0,2712757.0,0.0,0.0,0.0,0.0,0.0,0.0,6.720728397369385,0.5491098149877418,0.6135991059521806,0.4238961857048167,35.996122730163215,,,-1.4549880027770996,0.02051239842310404,0.04188687164295446,0.021357303649105597,1.785163022792318,,
陕西省,宝鸡市,Medium-sized City,1035.0,0.0,0.0,0.0,3820976.5,1035.0,0.0,1035.0,2.7087316553765772,0.0,2.7087316553765772,11.227115686113669,0.4251044877516129,0.3638331703455518,0.259405346663547,17.603695656429228,,30.060614393050265,2.677725097006501,0.008034203746972113,0.015531519847819308,0.015666052653154378,2.8785256755241964,,11.615007909602387
陕西省,延安市,Small City,1162.0,0.0,0.0,0.0,2257822.5,1162.0,0.0,1162.0,5.1465516000482765,0.0,5.1465516000482765,0.0,0.7471982086669907,1.1820690631691382,0.6659676780594858,59.84285774292606,,,0.0,0.013706861050697738,0.05758431797282282,0.018264224163859866,0.9925028183475249,,
陕西省,榆林市,Medium-sized City,0.0,0.0,0.0,0.0,3436831.5,0.0,0.0,0.0,0.0,0.0,0.0,1.48508253464332,0.6761722250167379,0.8906188184445141,0.5451903399387945,46.21283997469956,,,0.06818523306079571,-0.0024098814715318717,-0.007882533572162731,-0.0031417465394463218,0.16107193140858556,,
陕西省,汉中市,Medium-sized City,0.0,0.0,0.0,0.0,3524215.5,0.0,0.0,0.0,0.0,0.0,0.0,10.909556967871527,0.4139289877097429,0.370382868552664,0.2797430797130222,22.93772332461397,,,0.35649181894488535,-0.014158962128491825,-0.012361895049725291,-0.00412758563514648,0.2385349276493507,,
陕西省,渭南市,Small City,0.0,0.0,0.0,0.0,5446821.5,0.0,0.0,0.0,0.0,0.0,0.0,0.6013058397505019,0.7436573163617404,1.0685364427755082,0.5607051823621836,38.29977609793761,,,0.0007248977440220683,0.009518160036778966,0.03610949790219875,0.010216208963976348,0.7424662899153418,,
陕西省,西安市,Super City,0.0,300.0,0.0,0.0,8715059.5,0.0,300.0,300.0,0.0,0.34423172899737514,-0.34423172899737514,25.894794600871503,0.1709312829507471,0.0710836964410192,0.0430561577897278,0.160589740973809,2.797671045722914,1.690598146347145,0.5386814029942677,-0.008012169681723885,-0.008695409609939211,-0.006387094835502698,-0.11513797297072939,-0.1683022589379628,-0.04186282509037542
青海省,西宁市,Type II Large City,0.0,310.0,0.0,0.0,2280904.0,0.0,310.0,310.0,0.0,1.3591102475158974,-1.3591102475158974,46.7661613233148,0.1383463811310971,0.0561311012904511,0.039522230301192,1.1493191400151697,1.8846245523436451,1.485458600305254,0.2116698592161157,0.0013396846113546967,-0.0003432893587935956,-0.0004542986839086993,0.0018767196481654924,0.002004125455110417,0.008639583042810095
黑龙江省,七台河市,Small City,0.0,0.0,0.0,0.0,945167.5,0.0,0.0,0.0,0.0,0.0,0.0,27.578959267169115,0.269098604953085,0.191225576420133,0.1487528150751241,10.017274984619249,,2.639704714579067,0.0010033578806520893,-0.048041706315416655,-0.05429609365951052,-0.042031958047221984,-3.815328900725529,,-2.6890886871043627
黑龙江省,伊春市,Small City,0.0,0.0,0.0,0.0,1185828.0,0.0,0.0,0.0,0.0,0.0,0.0,6.006393023899624,0.572849640827948,0.670124926620327,0.4480898222733385,33.931012884150405,,,3.942640832883155,-0.07694390339952717,-0.1750623323720053,-0.08137249055451279,-9.8104555575309,,
黑龙江省,佳木斯市,Medium-sized City,0.0,0.0,0.0,0.0,2638838.0,0.0,0.0,0.0,0.0,0.0,0.0,16.66141061050058,0.5075390199891762,0.4978195059760975,0.3384621295325989,23.277814362726875,,,1.7258017466700153,-0.008778500182503146,-0.02399848964221729,-0.016157141090374583,-2.075794754449987,,
黑龙江省,双鸭山市,Small City,0.0,0.0,0.0,0.0,1512380.5,0.0,0.0,0.0,0.0,0.0,0.0,17.286980522577487,0.5004840472410943,0.5158438448450526,0.3759709844529543,33.71883951971719,,,-0.1747262806177261,0.006516466006400712,0.014922647825481694,0.009724119881273974,0.7313524130589855,,
黑龙江省,哈尔滨市,Super City,0.0,0.0,0.0,0.0,10973687.0,0.0,0.0,0.0,0.0,0.0,0.0,35.28775634765625,0.4779393394011477,0.5178430245450796,0.3738219459240761,29.63778753615452,,,0.7339883427954845,-0.009863817420708021,-0.014922911887156554,-0.00623485257516232,0.6930989233868488,,
黑龙江省,大庆市,Type II Large City,1016.0,0.0,0.0,0.0,2992098.0,1016.0,0.0,1016.0,3.3956107052643327,0.0,3.3956107052643327,15.177507871992132,0.5171283850002725,0.5991784439338452,0.4267547867134654,37.48839275708042,,,1.4001669863437876,-0.00847876504622247,-0.020231583179594947,-0.013268382721206784,-1.6570319284927137,,
黑龙江省,牡丹江市,Medium-sized City,0.0,600.0,0.0,0.0,2890753.0,0.0,600.0,600.0,0.0,2.075583766582617,-2.075583766582617,23.09314171096026,0.5042716380093385,0.5417286603518708,0.3829235370142869,30.457787448133285,,,-1.5735453007584894,-0.005425186014911376,-0.04536771214573965,-0.03207698334134884,-3.49300870040717,,
黑龙江省,绥化市,Small City,0.0,0.0,0.0,0.0,5604319.5,0.0,0.0,0.0,0.0,0.0,0.0,0.978524828950564,0.6928367398474007,0.9272575114306402,0.5490421912638694,43.98915782525856,,,0.978524828950564,-0.04614660495039358,-0.1706791772748456,-0.06605880365644268,-7.374647346656673,,
黑龙江省,鸡西市,Medium-sized City,0.0,0.0,0.0,0.0,1921400.5,0.0,0.0,0.0,0.0,0.0,0.0,16.888988838746,0.4380336539799666,0.444606710048696,0.3349925923595406,28.645711032099463,,,1.2673081875569618,-0.023683965490981618,-0.038209668250608286,-0.022790126771264907,-2.2151900846897057,,
黑龙江省,鹤岗市,Medium-sized City,0.0,0.0,0.0,0.0,1093655.5,0.0,0.0,0.0,0.0,0.0,0.0,55.45166773171415,0.3961061224009801,0.4542548061061634,0.358962345540879,34.17130406457776,,,1.1721352762698203,-0.013044758137976786,-0.006951684305092853,-0.002377459079828781,0.07831660890440872,,
黑龙江省,黑河市,Small City,0.0,0.0,0.0,0.0,1726377.5,0.0,0.0,0.0,0.0,0.0,0.0,0.0,0.7212850960344404,1.1127332466849629,0.656076286386258,62.91204012701495,,,0.0,0.00039278687290100756,0.0009002458732885188,0.00022409854118099481,0.028022127305270317,,
黑龙江省,齐齐哈尔市,Type II Large City,1200.0,0.0,0.0,0.0,5538437.5,1200.0,0.0,1200.0,2.166676070642668,0.0,2.166676070642668,0.0,0.7129619841357029,1.0693744804989134,0.6245841519264503,55.24229536892329,,,0.0,-0.01277246347730765,-0.03395926766979973,-0.009673248662056322,-1.377739265880706,,
,,,1659.0,0.0,0.0,0.0,2235046.0,1659.0,0.0,1659.0,7.422666021191509,0.0,7.422666021191509,1.5529677300002631,0.6950795824765295,0.9207460823038408,0.5385923173006347,42.61710861618661,,,1.168896977297576,-0.03871867999534606,-0.1269669415682576,-0.04720023244948213,-4.3385459794074706,,
