Year,city_level,min,max,grid_num,pop_num,snap_invalid_pop_pct,valid_acc_grid_num,valid_acc_pop_num,valid_acc_pop_pct,inequality_population_universe,pop_mean,pop_25%,pop_median,pop_75%,pop_std,pop_gini,pop_theil,pop_atkinson_05,zero_access_pop_pct,p90_p10,p80_p20,pop_theil_within_city,pop_theil_between_city,pop_theil_decomp_sum,pop_theil_decomp_residual,pop_theil_within_city_share_pct,pop_theil_between_city_share_pct,pop_theil_city_count
2014,Large City,0.0,61.57545471191406,1539776,438120644.0,0.0,1539776,438120644.0,1.0,finite_acc_ge_0_and_positive_population_for_all_formal_inequality_metrics,11.840688397382252,1.6259469356974763,8.591441716739467,17.38814631509648,12.30527435949736,0.5474931141236064,0.531939284749197,0.32539381705974046,18.103686983533237,,80.21537608422305,0.3502503573190663,0.18168892743013076,0.531939284749197,0.0,65.84404787553999,34.155952124460015,80
2014,Medium/Small City,0.0,94.2752456665039,6142314,675169135.0,0.0,6142314,675169135.0,1.0,finite_acc_ge_0_and_positive_population_for_all_formal_inequality_metrics,7.049166769439364,0.0,2.585739945927722,11.22640609741211,9.934706348606355,0.674065136365426,0.8616619095362067,0.5081755131856787,39.20967951237878,,,0.5724886227544195,0.28917328678178733,0.8616619095362068,0.0,66.44005223145629,33.55994776854371,256
2014,Mega City,0.0,38.82222366333008,186566,124408478.0,0.0,186566,124408478.0,1.0,finite_acc_ge_0_and_positive_population_for_all_formal_inequality_metrics,17.107600534812285,10.131169007813176,18.760012147438466,23.807092719341643,9.122119999091847,0.3037764852345445,0.18054328817332382,0.1218567020518172,5.073153455024182,9.930788841622798,2.7703715430697122,0.12294958103518283,0.057593707138140715,0.18054328817332355,0.0,68.09977943746648,31.900220562533526,7
2014,Super City,0.0,69.65190887451172,254657,116353865.0,0.0,254657,116353865.0,1.0,finite_acc_ge_0_and_positive_population_for_all_formal_inequality_metrics,25.18969552670572,13.094964714859625,25.431648738859728,37.12942240098751,15.744579827441742,0.3497794007264534,0.2388248721563566,0.16203161842598668,7.6809068611515405,38.753085454684346,4.006196481637726,0.2062946644634005,0.032530207692956115,0.23882487215635662,0.0,86.3790536558274,13.620946344172587,14
2014,,0.0,48.099449157714844,20324,2170017.0,0.0,20324,2170017.0,1.0,finite_acc_ge_0_and_positive_population_for_all_formal_inequality_metrics,4.40164683418948,0.0,0.0,5.898945999239745,7.501173599215984,0.7570572643921231,1.1372234784922972,0.6178022914314648,50.10651990283947,,,1.137223478492297,0.0,1.137223478492297,0.0,99.99999999999997,0.0,1
2015,Large City,0.0,67.09251403808594,1538538,441930794.0,0.0,1538538,441930794.0,1.0,finite_acc_ge_0_and_positive_population_for_all_formal_inequality_metrics,12.292567570861381,2.1598511941865293,9.229680570453107,17.591056186172324,12.607781510123223,0.5370463737991374,0.5117195169958115,0.3115323622579903,16.682304560111735,,33.91453502375617,0.3422294466860829,0.1694900703097284,0.5117195169958113,0.0,66.8783259812395,33.12167401876051,80
2015,Medium/Small City,0.0,101.63517761230469,6112164,681037092.0,0.0,6112164,681037092.0,1.0,finite_acc_ge_0_and_positive_population_for_all_formal_inequality_metrics,7.516764561304647,0.0,3.2321829076386783,11.822905194418771,10.258361966618834,0.660596319798317,0.8191185654807731,0.48553039261782105,36.078684536612585,,,0.579085215061145,0.24003335041962837,0.8191185654807733,0.0,70.69614088422679,29.30385911577321,256
2015,Mega City,0.0,39.65813064575195,186378,125490708.0,0.0,186378,125490708.0,1.0,finite_acc_ge_0_and_positive_population_for_all_formal_inequality_metrics,17.718749909299603,10.39604646488274,18.86675266419334,24.87133579467092,9.387822080738998,0.3029734779939617,0.17626545100577715,0.11846321503230961,5.0340173393555165,8.000253038050596,2.7857661093295634,0.12078294773470466,0.05548250327107285,0.1762654510057775,0.0,68.52332493152372,31.476675068476283,7
2015,Super City,0.0,72.63984680175781,254228,117364932.0,0.0,254228,117364932.0,1.0,finite_acc_ge_0_and_positive_population_for_all_formal_inequality_metrics,26.626140532907755,14.185120413584414,26.831336309834192,39.6621064679842,16.513701517083987,0.34788516168173444,0.23578602655384173,0.15920059558105604,7.208487966405502,29.80744951795305,4.069959358192361,0.20356658432553054,0.0322194422283113,0.23578602655384184,0.0,86.33530464072943,13.66469535927057,14
2015,,0.0,60.74531555175781,20339,2190534.0,0.0,20339,2190534.0,1.0,finite_acc_ge_0_and_positive_population_for_all_formal_inequality_metrics,4.7956099065005136,0.0,0.18677938103148367,6.738978271683057,7.747420643866826,0.739279228640978,1.0707663325593388,0.5962739638334913,48.179621955194484,,,1.0707663325593397,0.0,1.0707663325593397,0.0,100.00000000000009,0.0,1
2016,Large City,0.0,66.39266967773438,1538742,443886569.0,0.0,1538742,443886569.0,1.0,finite_acc_ge_0_and_positive_population_for_all_formal_inequality_metrics,12.685493027156458,2.421445608139038,9.572351943708496,18.162925494622023,12.714334438816289,0.5303867171237435,0.4966474098540178,0.30295024540030924,15.852019167536472,,23.882461659640878,0.332309403025576,0.16433800682844169,0.4966474098540177,0.0,66.91052775715744,33.089472242842554,80
2016,Medium/Small City,0.0,162.9971923828125,6110833,684058944.0,0.0,6110833,684058944.0,1.0,finite_acc_ge_0_and_positive_population_for_all_formal_inequality_metrics,7.867199833711145,0.0,3.588683487632857,12.304995174326894,10.550675821700073,0.6523665587953309,0.7964251450035135,0.4744014535777318,34.92016281567689,,,0.572934774926535,0.2234903700769788,0.7964251450035138,0.0,71.93830814118849,28.06169185881151,257
2016,Mega City,0.0,42.15114974975586,186527,126046410.0,0.0,186527,126046410.0,1.0,finite_acc_ge_0_and_positive_population_for_all_formal_inequality_metrics,17.99404037219647,10.734425656573453,19.027081223938364,25.018761662967492,9.572016921239962,0.30365063524921343,0.1773603873095097,0.11978623217129203,5.27156227614892,8.332075331441885,2.6915915137147053,0.12339416974139761,0.053966217568112373,0.17736038730950998,0.0,69.57256443405458,30.42743556594541,7
2016,Super City,0.0,84.51323699951172,254426,117884204.0,0.0,254426,117884204.0,1.0,finite_acc_ge_0_and_positive_population_for_all_formal_inequality_metrics,27.442098503323397,14.706201553344727,27.767154248906476,39.77828323918073,16.698423661081826,0.34181054441945447,0.22801216212493616,0.15348251222744203,6.667736417001212,22.994724211627318,3.9528810673233523,0.19655754718265683,0.03145461494227941,0.22801216212493625,0.0,86.20485212317566,13.79514787682434,14
2016,,0.0,46.3179931640625,20332,2201130.0,0.0,20332,2201130.0,1.0,finite_acc_ge_0_and_positive_population_for_all_formal_inequality_metrics,5.22876534125198,0.0,0.38407075270268715,7.288816005625623,8.332755358574003,0.7337982624718755,1.0477130238720984,0.5857925497501169,46.95565459559408,,,1.0477130238720984,0.0,1.0477130238720984,0.0,100.0,0.0,1
2017,Large City,0.0,62.64448928833008,1538961,445590781.0,0.0,1538961,445590781.0,1.0,finite_acc_ge_0_and_positive_population_for_all_formal_inequality_metrics,13.492203544761086,2.9281290696888433,10.598103779940802,19.305675370122707,12.982495815986486,0.5136963084258956,0.4666113866984778,0.28747801068414025,14.879565248456073,,17.29173483669505,0.3161920226390946,0.15041936405938383,0.46661138669847846,0.0,67.76346048396287,32.23653951603713,80
2017,Medium/Small City,0.0,171.5692138671875,6115774,686927240.0,0.0,6115774,686927240.0,1.0,finite_acc_ge_0_and_positive_population_for_all_formal_inequality_metrics,8.43476908879003,0.0,4.616511388416708,13.272480040642321,10.698377167468381,0.628489092971946,0.7329148032228212,0.4434856231345994,31.911204161884744,,,0.5442766512146835,0.18863815200813772,0.7329148032228212,0.0,74.2619263277743,25.7380736722257,257
2017,Mega City,0.0,41.37549591064453,186490,126533593.0,0.0,186490,126533593.0,1.0,finite_acc_ge_0_and_positive_population_for_all_formal_inequality_metrics,18.84392946832945,13.516574327683088,19.199303563284133,25.45297792898795,9.604253631240608,0.2885351367712812,0.16353333519342608,0.11077593018445664,4.674749100027531,7.416247072072843,2.3548465862407824,0.11473193892644007,0.048801396266985986,0.16353333519342605,0.0,70.15813552064841,29.841864479351592,7
2017,Super City,0.0,70.20442199707031,254272,118621991.0,0.0,254272,118621991.0,1.0,finite_acc_ge_0_and_positive_population_for_all_formal_inequality_metrics,27.94230091123819,16.00112983007215,28.584678929800134,39.9322949746653,16.18453358702241,0.32613781485320426,0.20979973598770366,0.14282765593457292,6.365041537702735,18.68651960241858,3.2620649107844732,0.1831446776207133,0.02665505836699067,0.20979973598770396,0.0,87.29499908972579,12.705000910274206,14
2017,,0.0,42.762332916259766,20286,2268962.0,0.0,20286,2268962.0,1.0,finite_acc_ge_0_and_positive_population_for_all_formal_inequality_metrics,5.6779108330341765,0.0,1.5529677300002631,8.757180576256099,8.164425336676938,0.6950795824765295,0.9207460823038407,0.5385923173006347,42.61710861618661,,,0.920746082303842,0.0,0.920746082303842,0.0,100.00000000000011,0.0,1
2018,Large City,0.0,62.71883010864258,1541023,447337794.0,0.0,1541023,447337794.0,1.0,finite_acc_ge_0_and_positive_population_for_all_formal_inequality_metrics,14.123588978126627,3.1065089988381893,10.97638245018161,20.16665282426057,13.547438982927833,0.5132648945575604,0.46405256473346,0.2847758087838944,14.411465309814622,,15.306884265732922,0.3130867976264695,0.1509657671069906,0.4640525647334601,0.0,67.46795975716641,32.53204024283358,80
2018,Medium/Small City,0.0,178.45530700683594,6101629,689607782.0,0.0,6101629,689607782.0,1.0,finite_acc_ge_0_and_positive_population_for_all_formal_inequality_metrics,8.994583693869576,0.0,5.31691104888916,14.235249754366667,11.085559308859915,0.6172362240959011,0.7050393312343859,0.4302708386679567,30.592865177382816,,,0.538466898364597,0.1665724328697893,0.7050393312343863,0.0,76.37402262677269,23.625977373227315,257
2018,Mega City,0.0,41.5951042175293,187054,127027179.0,0.0,187054,127027179.0,1.0,finite_acc_ge_0_and_positive_population_for_all_formal_inequality_metrics,19.916697431985952,14.03145205156719,19.86564762803245,27.332648530289127,10.128184117980243,0.28971609896751305,0.16453134267918687,0.11184767033016585,4.799569704685011,7.613893468351515,2.5466954620359568,0.12355465075000494,0.040976691929182074,0.164531342679187,0.0,75.0949021250736,24.905097874926398,7
2018,Super City,0.0,71.97748565673828,254496,119083151.0,0.0,254496,119083151.0,1.0,finite_acc_ge_0_and_positive_population_for_all_formal_inequality_metrics,29.88404205611065,17.784710279367502,32.566424002334415,41.776584240233284,16.727395007857982,0.3144320372170315,0.20055276950980563,0.13797559859464448,6.073719026800021,17.17637381904248,3.188221330636285,0.17789205730702617,0.0226607122027791,0.20055276950980527,0.0,88.70087296317732,11.29912703682269,14
2018,,0.0,43.558837890625,20415,2293777.0,0.0,20415,2293777.0,1.0,finite_acc_ge_0_and_positive_population_for_all_formal_inequality_metrics,5.9405957770961875,0.0,1.7211029529571533,8.533159852027893,8.73617613302694,0.7005114766425065,0.933527808871514,0.5383532124853838,41.47033473611428,,,0.933527808871514,0.0,0.933527808871514,0.0,99.99999999999996,0.0,1
2019,Large City,0.0,62.15631103515625,1541055,448925108.0,0.0,1541055,448925108.0,1.0,finite_acc_ge_0_and_positive_population_for_all_formal_inequality_metrics,14.77405078247352,3.496855605064721,11.516234384066816,21.25168388227098,13.947450814468995,0.5069631064500639,0.4510491274307904,0.27609986044848567,13.479924139150622,,12.951450229863962,0.30277020398699994,0.1482789234437898,0.45104912743078973,0.0,67.12577091360362,32.87422908639639,80
2019,Medium/Small City,0.0,152.3114776611328,6088788,692066007.0,0.0,6088788,692066007.0,1.0,finite_acc_ge_0_and_positive_population_for_all_formal_inequality_metrics,9.521033100664546,0.0,5.923195434668882,14.858679188808924,11.455227898637354,0.6072305971111132,0.6782124651705064,0.41505777003732325,28.87728872370407,,,0.5245615898220803,0.15365087534842603,0.6782124651705064,0.0,77.3447284974632,22.6552715025368,257
2019,Mega City,0.0,41.07221984863281,187176,127477651.0,0.0,187176,127477651.0,1.0,finite_acc_ge_0_and_positive_population_for_all_formal_inequality_metrics,20.421552246708867,14.767992833914933,20.323628775621888,27.815729768247333,10.228944485113905,0.2848395179630666,0.16026170735362072,0.10913068788940727,4.630843880234348,7.244894147088158,2.5365625402358805,0.12258403933026152,0.0376776680233597,0.16026170735362122,0.0,76.4899122531978,23.5100877468022,7
2019,Super City,0.0,72.29585266113281,254564,119505076.0,0.0,254564,119505076.0,1.0,finite_acc_ge_0_and_positive_population_for_all_formal_inequality_metrics,30.473581808465305,18.289024474303847,33.0972532334191,41.90846216583252,16.909965419683765,0.312587739025162,0.19683831625603668,0.13483454410575124,5.820941865264367,14.858624221466219,3.128590465341957,0.1740391901399163,0.022799126116120227,0.19683831625603654,0.0,88.41733329680366,11.582666703196328,14
2019,,0.0,44.442604064941406,20499,2312174.0,0.0,20499,2312174.0,1.0,finite_acc_ge_0_and_positive_population_for_all_formal_inequality_metrics,6.153991426498246,0.0,1.8696519850275002,9.182942238889,8.920378930519773,0.6944076688887985,0.9147393669658745,0.5303291208665581,40.57739599182415,,,0.9147393669658743,0.0,0.9147393669658743,0.0,100.0,0.0,1
2020,Large City,0.0,65.83927154541016,1542061,450023843.0,0.0,1542061,450023843.0,1.0,finite_acc_ge_0_and_positive_population_for_all_formal_inequality_metrics,15.678097030280583,4.413773987095673,12.257470474064908,22.12722781694579,14.588803235405539,0.497533695745901,0.4327067282032302,0.26238421018647395,12.138559956255474,,9.765964887115684,0.2823367479263048,0.15036998027692494,0.43270672820322975,0.0,65.24898494152822,34.751015058471786,80
2020,Medium/Small City,0.0,163.81317138671875,6065513,694091198.0,0.0,6065513,694091198.0,1.0,finite_acc_ge_0_and_positive_population_for_all_formal_inequality_metrics,10.113995664049211,0.0,6.6730241775512695,15.632307052612305,11.817705997547804,0.5937208000805658,0.6461419044078793,0.3978274118220525,27.163387252751185,,,0.5037298351004091,0.1424120693074702,0.6461419044078793,0.0,77.95962955877691,22.04037044122309,257
2020,Mega City,0.0,40.48811721801758,186271,127810588.0,0.0,186271,127810588.0,1.0,finite_acc_ge_0_and_positive_population_for_all_formal_inequality_metrics,21.393436884154166,15.689615594374168,21.321312847127103,29.16970485892802,10.444615914008715,0.2774903656168132,0.15189711510971837,0.1029394763930388,4.332414932634532,6.343163041566612,2.4339446876081015,0.11813126370462523,0.03376585140509247,0.1518971151097177,0.0,77.7705775513229,22.229422448677095,7
2020,Super City,0.0,71.78057861328125,254013,119911899.0,0.0,254013,119911899.0,1.0,finite_acc_ge_0_and_positive_population_for_all_formal_inequality_metrics,31.343884970565636,19.435293366157847,33.43411536409103,43.943282814166125,16.932782707744245,0.3048175206143081,0.18728212726765586,0.1288447621488824,5.836866114512955,11.018741570904153,2.884755403943804,0.165594184135736,0.021687943131920573,0.18728212726765658,0.0,88.41964075892571,11.580359241074285,14
2020,,0.0,45.52310562133789,23660,2734845.0,0.0,23660,2734845.0,1.0,finite_acc_ge_0_and_positive_population_for_all_formal_inequality_metrics,7.3243797446008,0.0,3.279353062311808,11.925549989922224,9.411478649622248,0.6473551717890773,0.7744049926051899,0.4648687144937701,33.1244732334008,,,0.7744049926051892,0.0,0.7744049926051892,0.0,100.0,0.0,1
2021,Large City,0.0,69.11915588378906,1390324,451281155.0,0.0,1390324,451281155.0,1.0,finite_acc_ge_0_and_positive_population_for_all_formal_inequality_metrics,16.432416495458867,4.858721820670779,12.885832391936203,23.07961559639527,15.01409973169428,0.4910078058389957,0.4203117522246328,0.2548329086408577,11.397297323439087,,9.146978251207868,0.2726047875083113,0.1477069647163214,0.4203117522246327,0.0,64.85775999968223,35.14224000031777,80
2021,Medium/Small City,0.0,110.25078582763672,4447133,696062678.0,0.0,4447133,696062678.0,1.0,finite_acc_ge_0_and_positive_population_for_all_formal_inequality_metrics,10.613136144340784,0.0,7.315428534709256,16.4212913913586,12.020696872870069,0.5814960890359371,0.6173134806986093,0.38253843252549136,25.68484270894926,,,0.4824385683273764,0.13487491237123272,0.6173134806986091,0.0,78.15130940950847,21.848690590491522,257
2021,Mega City,0.0,48.615509033203125,184399,128153469.0,0.0,184399,128153469.0,1.0,finite_acc_ge_0_and_positive_population_for_all_formal_inequality_metrics,22.9136152274121,16.650246624300735,21.95967758025728,31.409147210578396,11.643757069730935,0.2877404612034369,0.1584945620527923,0.10496184052640378,4.189930278048111,6.469620263793332,2.41732181365824,0.11428744620428866,0.044207115848503786,0.15849456205279244,0.0,72.10811823702886,27.89188176297114,7
2021,Super City,0.0,70.73535919189453,247667,120245864.0,0.0,247667,120245864.0,1.0,finite_acc_ge_0_and_positive_population_for_all_formal_inequality_metrics,32.73466534328838,20.5705881913503,35.426387786865234,46.374651120440795,17.228567617703582,0.29734617123801776,0.18006246726104938,0.12473853206519159,5.783054625479676,9.626645651745767,2.8133729485194556,0.1566428154364261,0.0234196518246228,0.1800624672610489,0.0,86.99359606648635,13.006403933513655,14
2021,,0.0,46.07774353027344,20988,2729840.0,0.0,20988,2729840.0,1.0,finite_acc_ge_0_and_positive_population_for_all_formal_inequality_metrics,7.7795653764943085,0.0,3.89867162989999,12.609413822978532,9.651989546439818,0.6341313100429494,0.7372691772368024,0.44583939264786054,31.12083492072795,,,0.7372691772368034,0.0,0.7372691772368034,0.0,100.00000000000011,0.0,1
2022,Large City,0.0,73.36669158935547,1391190,455357258.0,0.0,1391190,455357258.0,1.0,finite_acc_ge_0_and_positive_population_for_all_formal_inequality_metrics,16.93476991777386,5.247935461548139,13.439072197945766,23.78820452138295,15.214717929726143,0.48358274354732655,0.4077541571083515,0.24731795800596623,10.823136588722168,,8.383336178695297,0.2632814185646448,0.14447273854370613,0.40775415710835095,0.0,64.56866569595367,35.43133430404633,80
2022,Medium/Small City,0.0,107.47737884521484,4453375,702390269.0,0.0,4453375,702390269.0,1.0,finite_acc_ge_0_and_positive_population_for_all_formal_inequality_metrics,10.944378479473722,0.016608839854598045,7.735361560176449,16.910782653652504,12.202448281911614,0.5752781827669519,0.6029863362180812,0.3746777154066435,24.89064879114947,,,0.46724816115677026,0.1357381750613107,0.602986336218081,0.0,77.48901311551137,22.510986884488627,257
2022,Mega City,0.0,48.93973922729492,184456,129311889.0,0.0,184456,129311889.0,1.0,finite_acc_ge_0_and_positive_population_for_all_formal_inequality_metrics,23.469968448687666,16.88380721637181,22.6403866464422,31.929412482616645,11.81643035361639,0.2850722470410372,0.1566854660091068,0.10413408844528993,4.178681513190175,6.512953388982075,2.396726966346745,0.11357111484000804,0.043114351169098786,0.15668546600910682,0.0,72.48350324554487,27.51649675445514,7
2022,Super City,0.0,74.61660766601562,247842,121332618.0,0.0,247842,121332618.0,1.0,finite_acc_ge_0_and_positive_population_for_all_formal_inequality_metrics,34.291855120554466,22.421340784134834,37.292828092437226,47.63670895886695,17.778616049999265,0.29101064407453137,0.17550154884144414,0.12204782067835218,5.693629721234565,9.097883563947216,2.674744437147408,0.15255567238236045,0.02294587645908308,0.17550154884144353,0.0,86.92554190515237,13.07445809484763,14
2022,,0.0,54.10791015625,20980,2755347.0,0.0,20980,2755347.0,1.0,finite_acc_ge_0_and_positive_population_for_all_formal_inequality_metrics,8.035704019449474,0.0,4.206482285226116,12.625411857595099,9.867248251544298,0.6277899259335571,0.7206790939023313,0.4365826029566493,30.178195341639363,,,0.7206790939023326,0.0,0.7206790939023326,0.0,100.00000000000017,0.0,1
2023,Large City,0.0,71.6846694946289,1391666,456101968.0,0.0,1391666,456101968.0,1.0,finite_acc_ge_0_and_positive_population_for_all_formal_inequality_metrics,18.063208492396367,5.866478706745619,14.345039450386038,25.217362084729597,16.047038887017585,0.47863984187276876,0.3987948864031215,0.24148112090391993,10.369623969699687,,7.691324884005977,0.2542020044753426,0.14459288192777864,0.3987948864031212,0.0,63.742543633917826,36.25745636608217,80
2023,Medium/Small City,0.0,106.41067504882812,4323259,703448846.0,0.0,4323259,703448846.0,1.0,finite_acc_ge_0_and_positive_population_for_all_formal_inequality_metrics,11.590167394995282,0.28527914429680584,8.49422188839749,17.789886769282322,12.572846107016622,0.5633242937984813,0.5771520917738281,0.3604981693007663,23.54507992184552,,,0.4511019298969252,0.12605016187690277,0.577152091773828,0.0,78.15997487083547,21.84002512916453,257
2023,Mega City,0.0,53.577362060546875,184019,129539889.0,0.0,184019,129539889.0,1.0,finite_acc_ge_0_and_positive_population_for_all_formal_inequality_metrics,24.932157169374683,17.951435874101563,23.986803624389328,34.256700328601305,12.347470600853418,0.27982914402233783,0.14730317093862916,0.09514810705787902,3.306664096338696,5.374617414202175,2.3560204317063405,0.10574051915472271,0.04156265178390628,0.147303170938629,0.0,71.78427896761126,28.215721032388743,7
2023,Super City,0.0,74.47916412353516,245383,121508890.0,0.0,245383,121508890.0,1.0,finite_acc_ge_0_and_positive_population_for_all_formal_inequality_metrics,36.02840038483608,23.72139773304799,38.8010271056219,50.21201319897738,18.579826111097123,0.2918133422783119,0.17448026704654584,0.12123966950040177,5.4921043225726125,9.510342380197146,2.723812188511662,0.1492125470577932,0.02526771998875299,0.17448026704654618,0.0,85.51829360622637,14.481706393773635,14
2023,,0.0,62.40920639038086,20981,3098500.0,0.0,20981,3098500.0,1.0,finite_acc_ge_0_and_positive_population_for_all_formal_inequality_metrics,8.365547358847408,0.0,4.3356991597075965,12.842427820262342,10.531220297817825,0.6356174399053127,0.7408734669805781,0.445118527177346,30.845925447797324,,,0.7408734669805774,0.0,0.7408734669805774,0.0,99.99999999999987,0.0,1
2024,Large City,0.0,77.50501251220703,1383955,457037612.0,0.0,1383955,457037612.0,1.0,finite_acc_ge_0_and_positive_population_for_all_formal_inequality_metrics,19.341708776600044,6.7532093300413125,15.469298527909476,27.044211119897405,16.722264967491707,0.467305386411735,0.3786449476420623,0.22831281137826398,9.281332189351629,300.9172319279627,6.72296578623085,0.242952885600618,0.13569206204144413,0.37864494764206214,0.0,64.16377324286509,35.83622675713491,80
2024,Medium/Small City,0.0,101.67057800292969,4130072,704896398.0,0.0,4130072,704896398.0,1.0,finite_acc_ge_0_and_positive_population_for_all_formal_inequality_metrics,12.337208495382612,0.715580325538867,9.318260010042339,18.792612075805664,13.029716523479667,0.5524066734467049,0.5536086595781299,0.34693730302648673,22.122459618526808,,,0.4326971284478587,0.12091153113027042,0.5536086595781291,0.0,78.15938586972074,21.840614130279253,257
2024,Mega City,0.0,56.377811431884766,183601,129799513.0,0.0,183601,129799513.0,1.0,finite_acc_ge_0_and_positive_population_for_all_formal_inequality_metrics,25.963824179729166,18.27551385824629,26.026889806674703,35.26077621636394,12.863618584901486,0.28037420797992074,0.14639446678723547,0.09343318530034928,2.995779344719113,5.292392298249159,2.3318518680175537,0.09990078800361024,0.046493678783624315,0.14639446678723456,0.0,68.24082234528927,31.75917765471073,7
2024,Super City,0.0,73.54222106933594,241079,121756450.0,0.0,241079,121756450.0,1.0,finite_acc_ge_0_and_positive_population_for_all_formal_inequality_metrics,37.51481495565221,25.77952764743245,40.08139836631044,52.34919773835907,18.96867637633506,0.2867478301498161,0.16864879273130232,0.11754748208730803,5.371085474321894,8.8251067151351,2.628873744936062,0.1439758552581596,0.02467293747314292,0.1686487927313025,0.0,85.37022585601738,14.62977414398261,14
2024,,0.0,62.6397819519043,20620,3101058.0,0.0,20620,3101058.0,1.0,finite_acc_ge_0_and_positive_population_for_all_formal_inequality_metrics,8.924199998416979,0.0,4.73881296173157,14.046967028449563,11.041703068525907,0.6296012862738398,0.7241743982165487,0.4362263952739647,29.562136535337295,,,0.7241743982165487,0.0,0.7241743982165487,0.0,100.0,0.0,1
